Company,Asset Tag,Serial Number,Status,Item Name (Asset Name Example),Purchase Date,Supplier,Order Number,Purchase Cost,Warranty Months,Asset Notes,Location,Requestable,Image Filename,Model Name,Model Number,Model Notes,Category,Manufacturer,Additional Equipment with Asset,Sticker Code,Date of Allotment,Employee Name,Allotment Status (Allotted/Spare),Asset Department
Keyboard Computer Junction Pvt. Ltd.,KCJPL-0001,PBTFCYC,Ready to Deploy,Desktop A-009,,,,,,,Pune,,,Desktop,Desktop,,Desktop,Not Applicable,Mouse,A-009,25/11/2022,Radhika Bhattad,Allotted,Admin & Accounts
Keyboard Computer Junction Pvt. Ltd.,KCJPL-0002,S1KBL34,Ready to Deploy,Desktop A-046,,,,,,,Pune,,,Desktop,Desktop,,Desktop,Not Applicable,Keyboard,A-046,,Nitya Agarwal,Allotted,HR & Admin
Keyboard Computer Junction Pvt. Ltd.,KCJPL-0003,5CG7085VMR,Ready to Deploy,Laptop A-038,,,,,,,Pune,,,Laptop,Laptop,,Laptop,Not Applicable,Charger,A-038,9/1/2022,Vaishnavi Sandip Kotkar,Allotted,ASM
Keyboard Computer Junction Pvt. Ltd.,KCJPL-0004,CNU336CCNL,Ready to Deploy,Laptop A-069,,,,,,,Pune,,,Laptop,Laptop,,Laptop,Not Applicable,Charger,A-069,,Sebesteena Victor Bardeskar,Allotted,ASM
Keyboard Computer Junction Pvt. Ltd.,KCJPL-0005,5CG6395KWP,Ready to Deploy,Laptop A-076,,,,,,,Pune,,,Laptop,Laptop,,Laptop,Not Applicable,Mouse,A-076,,Mona Maheshwari,Allotted,Mutual Fund
Keyboard Computer Junction Pvt. Ltd.,KCJPL-0006,5CG5433WJL,Ready to Deploy,Laptop A-002,,,,,,,Pune,,,Laptop,Laptop,,Laptop,Not Applicable,Charger,A-002,15/01/2023,Ajay Thakur,Allotted,Stock Audit Department
Keyboard Computer Junction Pvt. Ltd.,KCJPL-0007,5CG7085V6J,Ready to Deploy,Laptop A-085,,,,,,,Pune,,,Laptop,Laptop,,Laptop,Not Applicable,Charger,A-085,16/08/2022,Yash Chaudhari,Allotted,Stock Audit Department
Keyboard Computer Junction Pvt. Ltd.,KCJPL-0008,701S4H2,Ready to Deploy,Laptop A-079,,,,,,,Pune,,,Laptop,Laptop,,Laptop,Not Applicable,Charger,A-079,23/01/2023,Aishwarya Jagtap,Allotted,Stock Audit Department
Keyboard Computer Junction Pvt. Ltd.,KCJPL-0009,5CG74804WJ,Ready to Deploy,Laptop A-036,,,,,,,Pune,,,Laptop,Laptop,,Laptop,Not Applicable,Charger,A-036,,Snehal Pundalik Koksekar,Allotted,ASM
Keyboard Computer Junction Pvt. Ltd.,KCJPL-0010,5CG4472HJX,Ready to Deploy,Laptop A-057,,,,,,,Pune,,,Laptop,Laptop,,Laptop,Not Applicable,Charger,A-057,2/1/2023,Shree Vijay Shelar,Allotted,Internal Audit Department
Keyboard Computer Junction Pvt. Ltd.,KCJPL-0011,5CG7093N0X,Ready to Deploy,Laptop A-058,,,,,,,Pune,,,Laptop,Laptop,,Laptop,Not Applicable,Charger,A-058,,Ganesh Sunil Mulik,Allotted,ASM
Keyboard Computer Junction Pvt. Ltd.,KCJPL-0012,PC03M15D,Ready to Deploy,Laptop A-060,,,,,,,Pune,,,Laptop,Laptop,,Laptop,Not Applicable,,A-060,,Piyush Rajendra Kulkarni,Allotted,ASM
Keyboard Computer Junction Pvt. Ltd.,KCJPL-0013,5CG6434PW1,Ready to Deploy,Laptop A-100,,,,,,,Pune,,,Laptop,Laptop,,Laptop,Not Applicable,Charger,A-100,,Shubham Kshirsagar,Allotted,Tax Department
Keyboard Computer Junction Pvt. Ltd.,KCJPL-0014,5CG54209X8,Ready to Deploy,Laptop A-064,,,,,,,Pune,,,Laptop,Laptop,,Laptop,Not Applicable,,A-064,1/1/2023,Ujjawal Bharadwaj,Allotted,Stock Audit Department
Keyboard Computer Junction Pvt. Ltd.,KCJPL-0015,1B0V212,Ready to Deploy,Laptop A-007,,,,,,,Pune,,,Laptop,Laptop,,Laptop,Not Applicable,Charger,A-007,31/03/2023,Adarsh Ramrao Chorghade,Allotted,Stock Audit Department
Keyboard Computer Junction Pvt. Ltd.,KCJPL-0016,5CG6456JSR,Ready to Deploy,Laptop A-035,,,,,,,Pune,,,Laptop,Laptop,,Laptop,Not Applicable,Charger,A-035,20/07/2022,Ali Mithiborwala,Allotted,ASM
Keyboard Computer Junction Pvt. Ltd.,KCJPL-0017,INA307WRT4,Ready to Deploy,Desktop A-029,,,,,,,Pune,,,Desktop,Desktop,,Desktop,Not Applicable,,A-029,,Prateek Udasi,Allotted,Tax Department
Keyboard Computer Junction Pvt. Ltd.,KCJPL-0018,5CG7262HY6,Ready to Deploy,Laptop A-091,,,,,,,Pune,,,Laptop,Laptop,,Laptop,Not Applicable,Charger,A-091,,Sejal Sanjay Kochar,Allotted,ASM
Keyboard Computer Junction Pvt. Ltd.,KCJPL-0019,5CG6220M81,Ready to Deploy,Laptop A-037,,,,,,,Pune,,,Laptop,Laptop,,Laptop,Not Applicable,Charger,A-037,6/8/2000,Dhananjay Bhimrao Tengse,Allotted,ASM
Keyboard Computer Junction Pvt. Ltd.,KCJPL-0020,5CG7311G5D,Ready to Deploy,Laptop A-084,,,,,,,Pune,,,Laptop,Laptop,,Laptop,Not Applicable,Mouse,A-084,,Anuag Singh,Allotted,Tax Department
Keyboard Computer Junction Pvt. Ltd.,KCJPL-0021,FL27RC2,Ready to Deploy,Laptop A-004,,,,,,,Pune,,,Laptop,Laptop,,Laptop,Not Applicable,Charger,A-004,23/12/2022,Niranjan Mandrekar,Allotted,ASM
Keyboard Computer Junction Pvt. Ltd.,KCJPL-0022,N/A,Ready to Deploy,Laptop A-078,,,,,,,Pune,,,Laptop,Laptop,,Laptop,Not Applicable,Charger,A-078,,Vaibhav Deshmukh,Allotted,Tax & Internal Audit Department
Keyboard Computer Junction Pvt. Ltd.,KCJPL-0023,5CG45224DL,Ready to Deploy,Laptop A-073,,,,,,,Pune,,,Laptop,Laptop,,Laptop,Not Applicable,Charger,A-073,,Shashank Singh Chauhan,Allotted,ASM
Keyboard Computer Junction Pvt. Ltd.,KCJPL-0024,67F2QH2,Ready to Deploy,Laptop A-099,,,,,,,Pune,,,Laptop,Laptop,,Laptop,Not Applicable,Charger,A-099,22/09/2022,Nimisha Karnavat,Allotted,Tax & Internal Audit Department
Keyboard Computer Junction Pvt. Ltd.,KCJPL-0025,CNU417B5LL,Ready to Deploy,Laptop A-068,,,,,,,Pune,,,Laptop,Laptop,,Laptop,Not Applicable,Charger,A-068,20/03/2023,Abhishek Andeli,Allotted,Tax Department
Keyboard Computer Junction Pvt. Ltd.,KCJPL-0026,PC07ZHGD,Ready to Deploy,Laptop A-021,,,,,,,Pune,,,Laptop,Laptop,,Laptop,Not Applicable,Charger,A-021,31/03/2023,Jatin Suresh Mali,Allotted,Stock Audit Department
Keyboard Computer Junction Pvt. Ltd.,KCJPL-0027,CNU3459PN8,Ready to Deploy,Laptop A-059,,,,,,,Pune,,,Laptop,Laptop,,Laptop,Not Applicable,Charger,A-059,8/1/2022,Gargi Rajendra Chandgaonkar,Allotted,ASM
Keyboard Computer Junction Pvt. Ltd.,KCJPL-0028,5CG74442DK,Ready to Deploy,Laptop A-065,,,,,,,Pune,,,Laptop,Laptop,,Laptop,Not Applicable,Charger,A-065,1/10/2023,Isha Kapadia,Allotted,Stock Audit Department
Keyboard Computer Junction Pvt. Ltd.,KCJPL-0029,CNU325B9TC,Ready to Deploy,Laptop A-053,,,,,,,Pune,,,Laptop,Laptop,,Laptop,Not Applicable,Charger,A-053,,Vrushank Popat,Allotted,Internal Audit Department
Keyboard Computer Junction Pvt. Ltd.,KCJPL-0030,5CG7093N0X,Ready to Deploy,Laptop A-058,,,,,,,Pune,,,Laptop,Laptop,,Laptop,Not Applicable,Charger,A-058,,Ganesh Sunil Mulik,Allotted,ASM
Keyboard Computer Junction Pvt. Ltd.,KCJPL-0031,16TT6H2,Ready to Deploy,Laptop A-056,,,,,,,Pune,,,Laptop,Laptop,,Laptop,Not Applicable,Charger,A-056,,Harshdip Shingote,Allotted,ASM
Keyboard Computer Junction Pvt. Ltd.,KCJPL-0032,5CG4311QDH,Ready to Deploy,Laptop A-075,,,,,,,Pune,,,Laptop,Laptop,,Laptop,Not Applicable,Charger,A-075,27/12/2021,Harshit Modi,Allotted,IT Department
Keyboard Computer Junction Pvt. Ltd.,KCJPL-0033,5CG4360JGZ,Ready to Deploy,Laptop A-015,,,,,,,Pune,,,Laptop,Laptop,,Laptop,Not Applicable,Charger,A-015,23/03/2023,Khadija Manasawala,Allotted,Concurrent Audit
Keyboard Computer Junction Pvt. Ltd.,KCJPL-0034,5CG4350RTH,Ready to Deploy,Laptop A-011,,,,,,,Pune,,,Laptop,Laptop,,Laptop,Not Applicable,Charger,A-011,15/09/2022,Vaishnavi Keru Shirsat,Allotted,Concurrent Audit
Keyboard Computer Junction Pvt. Ltd.,KCJPL-0035,5CG6222DQX,Ready to Deploy,Laptop A-040,,,,,,,Pune,,,Laptop,Laptop,,Laptop,Not Applicable,Charger,A-040,,Anushka Thakur,Allotted,ASM & Internal Audit
Keyboard Computer Junction Pvt. Ltd.,KCJPL-0036,5CG716271Q,Ready to Deploy,Laptop A-054,,,,,,,Pune,,,Laptop,Laptop,,Laptop,Not Applicable,Charger,A-054,16/02/2023,Tejas R U,Allotted,ASM
Keyboard Computer Junction Pvt. Ltd.,KCJPL-0037,HZ826Q2,Ready to Deploy,Laptop A-003,,,,,,,Pune,,,Laptop,Laptop,,Laptop,Not Applicable,Charger,A-003,24/01/2023,Harshal Rameshwar Chaudhari,Allotted,ASM
Keyboard Computer Junction Pvt. Ltd.,KCJPL-0038,5CG5402QRZ,Ready to Deploy,Laptop A-014,,,,,,,Pune,,,Laptop,Laptop,,Laptop,Not Applicable,Charger,A-014,,Latika Vilas Devikar,Allotted,Internal Audit Department
Keyboard Computer Junction Pvt. Ltd.,KCJPL-0039,5CG5420FGN,Ready to Deploy,Laptop A-081,,,,,,,Pune,,,Laptop,Laptop,,Laptop,Not Applicable,Charger,A-081,,Madhur Jain,Allotted,Internal Audit Department
Keyboard Computer Junction Pvt. Ltd.,KCJPL-0040,5CG7353G9Z,Ready to Deploy,Laptop A-063,,,,,,,Pune,,,Laptop,Laptop,,Laptop,Not Applicable,Charger,A-063,,Bhakti Pimperkhede,Allotted,Tax Department
Keyboard Computer Junction Pvt. Ltd.,KCJPL-0041,CNU352BRWW,Ready to Deploy,Laptop A-052,,,,,,,Pune,,,Laptop,Laptop,,Laptop,Not Applicable,Charger,A-052,16/12/2022,Shraddha Satish Pandhare,Allotted,Stock Audit Department
Keyboard Computer Junction Pvt. Ltd.,KCJPL-0042,701S4H2,Ready to Deploy,Laptop A-079,,,,,,,Pune,,,Laptop,Laptop,,Laptop,Not Applicable,Charger,A-079,23/01/2023,Aishwarya Jagtap,Allotted,Stock Audit Department
Keyboard Computer Junction Pvt. Ltd.,KCJPL-0043,CUN3369W57,Ready to Deploy,Laptop A-020,,,,,,,Pune,,,Laptop,Laptop,,Laptop,Not Applicable,Charger,A-020,,Shruti Wani,Allotted,Stock Audit Department
Keyboard Computer Junction Pvt. Ltd.,KCJPL-0044,5CG61856R3,Ready to Deploy,Laptop A-074,,,,,,,Pune,,,Laptop,Laptop,,Laptop,Not Applicable,Charger,A-074,,Sagar Ravande,Allotted,Internal Audit Department
Keyboard Computer Junction Pvt. Ltd.,KCJPL-0045,GH443PGW8,Ready to Deploy,Desktop A-026,,,,,,,Pune,,,Desktop,Desktop,,Desktop,Not Applicable,Charger,A-026,,Janvi Tamrakar,Allotted,Tax Department
Keyboard Computer Junction Pvt. Ltd.,KCJPL-0046,5CG714099T,Ready to Deploy,Laptop A-066,,,,,,,Pune,,,Laptop,Laptop,,Laptop,Not Applicable,Charger,A-066,8/3/2022,Aditi Sanjay Patil,Allotted,ASM
Keyboard Computer Junction Pvt. Ltd.,KCJPL-0047,N/A,Ready to Deploy,Laptop A-001,,,,,,,Pune,,,Laptop,Laptop,,Laptop,Not Applicable,Charger,A-001,,Vanshika,Allotted,IT Department
Keyboard Computer Junction Pvt. Ltd.,KCJPL-0048,N/A,Ready to Deploy,Laptop A-004,,,,,,,Pune,,,Laptop,Laptop,,Laptop,Not Applicable,Charger,A-004,,Niranjan Mandrekar,Allotted,ASM
Keyboard Computer Junction Pvt. Ltd.,KCJPL-0049,N/A,Ready to Deploy,Laptop A-005,,,,,,,Pune,,,Laptop,Laptop,,Laptop,Not Applicable,Charger,A-005,,Riddhi Kukreja,Allotted,ASM
Keyboard Computer Junction Pvt. Ltd.,KCJPL-0050,N/A,Ready to Deploy,Laptop A-006,,,,,,,Pune,,,Laptop,Laptop,,Laptop,Not Applicable,Charger,A-006,,Akash Saykar,Allotted,Tax Department
Keyboard Computer Junction Pvt. Ltd.,KCJPL-0051,N/A,Ready to Deploy,Laptop A-007,,,,,,,Pune,,,Laptop,Laptop,,Laptop,Not Applicable,Charger,A-007,,Adarsh Ramrao Chorghade,Allotted,Stock Audit Department
Keyboard Computer Junction Pvt. Ltd.,KCJPL-0052,N/A,Ready to Deploy,Desktop A-008,,,,,,,Pune,,,Desktop,Desktop,,Desktop,HP,,A-008,,Spare,Spare,Tax Department
Keyboard Computer Junction Pvt. Ltd.,KCJPL-0053,N/A,Ready to Deploy,Desktop A-010,,,,,,,Pune,,,Desktop,Desktop,,Desktop,Lenovo,,A-010,,Subham Dharmik,Allotted,Tax Department
Keyboard Computer Junction Pvt. Ltd.,KCJPL-0054,N/A,Ready to Deploy,Laptop A-011,,,,,,,Pune,,,Laptop,Laptop,,Laptop,Not Applicable,Charger,A-011,,Vaishnavi Shirsat,Allotted,Stock Audit Department
Keyboard Computer Junction Pvt. Ltd.,KCJPL-0055,N/A,Ready to Deploy,Desktop A-012,,,,,,,Pune,,,Desktop,Desktop,,Desktop,HP,,A-012,,Sakshi Ghanate,Allotted,Stock Audit Department
Keyboard Computer Junction Pvt. Ltd.,KCJPL-0056,N/A,Ready to Deploy,Desktop A-013,,,,,,,Pune,,,Desktop,Desktop,,Desktop,HP,,A-013,,Jatin Suresh Mali,Allotted,Stock Audit Department
Keyboard Computer Junction Pvt. Ltd.,KCJPL-0057,N/A,Ready to Deploy,Laptop A-016,,,,,,,Pune,,,Laptop,Laptop,,Laptop,Not Applicable,Charger,A-016,,Spare,Spare,Inventory
Keyboard Computer Junction Pvt. Ltd.,KCJPL-0058,N/A,Ready to Deploy,Laptop A-017,,,,,,,Pune,,,Laptop,Laptop,,Laptop,Not Applicable,Charger,A-017,,Shree Vijay Shelar,Allotted,Stock Audit Department
Keyboard Computer Junction Pvt. Ltd.,KCJPL-0059,N/A,Ready to Deploy,Mobile A-018,,,,,,,Pune,,,Mobile,iPhone X,,Mobile,Apple,,A-018,,Mona Maheshwari,Allotted,Mutual Fund
Keyboard Computer Junction Pvt. Ltd.,KCJPL-0060,5CG6381YG5,Ready to Deploy,Laptop A-019,,,,,,,Pune,,,Laptop,Laptop,,Laptop,HP,,A-019,,Atharva Kshirsagar,Allotted,Stock Audit Department
Keyboard Computer Junction Pvt. Ltd.,KCJPL-0061,N/A,Ready to Deploy,Laptop A-022,,,,,,,Pune,,,Laptop,Laptop,,Laptop,HP,,A-022,,Abhishek Sir,Allotted,Partner
Keyboard Computer Junction Pvt. Ltd.,KCJPL-0062,N/A,Ready to Deploy,Laptop A-023,,,,,,,Pune,,,Laptop,Laptop,,Laptop,HP,,A-023,,Deepak Sir,Allotted,Partner
Keyboard Computer Junction Pvt. Ltd.,KCJPL-0063,N/A,Ready to Deploy,Desktop A-024,,,,,,,Pune,,,Desktop,Desktop,,Desktop,HP,,A-024,,Siddhi Bhutada,Allotted,Tax Department
Keyboard Computer Junction Pvt. Ltd.,KCJPL-0064,N/A,Ready to Deploy,Mobile A-024,,,,,,,Pune,,,Mobile,Mobile,,Mobile,Samsung,,A-024,,Tax Team,Allotted,Tax Department
Keyboard Computer Junction Pvt. Ltd.,KCJPL-0065,N/A,Ready to Deploy,Desktop A-027,,,,,,,Pune,,,Desktop,Desktop,,Desktop,HP,,A-027,,Abhishek Andeli,Allotted,Tax Department
Keyboard Computer Junction Pvt. Ltd.,KCJPL-0066,N/A,Ready to Deploy,Desktop A-028,,,,,,,Office 201,,,Desktop,Desktop,,Desktop,HP,,A-028,,General,General,IT Department
Keyboard Computer Junction Pvt. Ltd.,KCJPL-0067,N/A,Ready to Deploy,All in One Printer A-030,,,,,,,Office 201,,,All in One Printer,hp525,,All in One Printer,HP,,A-030,,Printer Large,Allotted,IT Department
Keyboard Computer Junction Pvt. Ltd.,KCJPL-0068,N/A,Ready to Deploy,Laser Jet Printer A-031,,,,,,,Office 201,,,Laser Jet Printer,hp505,,Laser Jet Printer,HP,,A-031,,Printer Small,Allotted,IT Department
Keyboard Computer Junction Pvt. Ltd.,KCJPL-0069,N/A,Ready to Deploy,Ink Jet Color Printer A-032,,,,,,,Office 201,,,Ink Jet Color Printer,Ink Jet Color Printer,,Ink Jet Color Printer,Brother,,A-032,,General,General,IT Department
Keyboard Computer Junction Pvt. Ltd.,KCJPL-0070,N/A,Ready to Deploy,Scanner A-033,,,,,,,Office 201,,,Scanner,Scanner,,Scanner,Kodak,,A-033,,General,General,IT Department
Keyboard Computer Junction Pvt. Ltd.,KCJPL-0071,N/A,Ready to Deploy,Speaker A-034,,,,,,,Office 201,,,Speaker,Speaker,,Speaker,Not Applicable,,A-034,,General,General,IT Department
Keyboard Computer Junction Pvt. Ltd.,KCJPL-0072,N/A,Ready to Deploy,Desktop A-035,,,,,,,Pune,,,Desktop,Desktop,,Desktop,HP,,A-035,,HR PC,Allotted,HR
Keyboard Computer Junction Pvt. Ltd.,KCJPL-0073,N/A,Ready to Deploy,Laptop A-036,,,,,,,Pune,,,Laptop,Laptop,,Laptop,HP,,A-036,,Snehal Pundalik Koksekar,Allotted,ASM
Keyboard Computer Junction Pvt. Ltd.,KCJPL-0074,N/A,Ready to Deploy,Laptop A-039,,,,,,,Pune,,,Laptop,Laptop,,Laptop,HP,,A-039,,Ali Mithiborwala,Allotted,ASM
Keyboard Computer Junction Pvt. Ltd.,KCJPL-0075,N/A,Ready to Deploy,TV A-041,,,,,,,Office 203,,,TV,TV,,TV,Samsung,,A-041,,Asm Team,Allotted,IT Department
Keyboard Computer Junction Pvt. Ltd.,KCJPL-0076,5CG7470GHC,Ready to Deploy,Laptop A-042,,,,,,,Pune,,,Laptop,Laptop,,Laptop,HP,,A-042,,Krishna Mundra,Allotted,ASM
Keyboard Computer Junction Pvt. Ltd.,KCJPL-0077,N/A,Ready to Deploy,Laser Jet Color Printer A-043,,,,,,,Office 203,,,Laser Jet Color Printer,Laser Jet Color Printer,,Laser Jet Color Printer,HP,,A-043,,General,General,IT Department
Keyboard Computer Junction Pvt. Ltd.,KCJPL-0078,N/A,Ready to Deploy,Desktop A-044,,,,,,,Office 203,,,Desktop,Desktop,,Desktop,HP,,A-044,,General,General,IT Department
Keyboard Computer Junction Pvt. Ltd.,KCJPL-0079,N/A,Ready to Deploy,Laser Jet Color Printer A-045,,,,,,,Office 215,,,Laser Jet Color Printer,Laser Jet Color Printer,,Laser Jet Color Printer,HP,,A-045,,General,General,IT Department
Keyboard Computer Junction Pvt. Ltd.,KCJPL-0080,N/A,Ready to Deploy,Laptop A-047,,,,,,,Pune,,,Laptop,Laptop,,Laptop,HP,,A-047,,Sanwar Sir,Allotted,ASM
Keyboard Computer Junction Pvt. Ltd.,KCJPL-0081,N/A,Ready to Deploy,TV A-048,,,,,,,Office 201,,,TV,TV,,TV,Samsung,,A-048,,General,General,IT Department
Keyboard Computer Junction Pvt. Ltd.,KCJPL-0082,N/A,Ready to Deploy,Desktop A-049,,,,,,,Office 201,,,Desktop,Desktop,,Desktop,Samsung,,A-049,,General,General,IT Department
Keyboard Computer Junction Pvt. Ltd.,KCJPL-0083,N/A,Ready to Deploy,Biometric Scanner A-050,,,,,,,Office 201,,,Biometric Scanner,Biometric Scanner,,Biometric Scanner,Not Applicable,,A-050,,General,General,IT Department
Keyboard Computer Junction Pvt. Ltd.,KCJPL-0084,N/A,Ready to Deploy,TV A-051,,,,,,,Office 201,,,TV,TV,,TV,Samsung,,A-051,,General,General,IT Department
Keyboard Computer Junction Pvt. Ltd.,KCJPL-0085,CNU325B9TC,Ready to Deploy,Laptop A-053,,,,,,,Pune,,,Laptop,Laptop,,Laptop,HP,,A-053,,Vrushank Popat,Allotted,Internal Audit Department
Keyboard Computer Junction Pvt. Ltd.,KCJPL-0086,N/A,Ready to Deploy,Laptop A-055,,,,,,,Pune,,,Laptop,Laptop,,Laptop,HP,,A-055,,Spare,Spare,IT Department
Keyboard Computer Junction Pvt. Ltd.,KCJPL-0087,N/A,Ready to Deploy,Laptop A-057,,,,,,,Pune,,,Laptop,Laptop,,Laptop,HP,,A-057,,Spare,Spare,Tax & Internal Audit Department
Keyboard Computer Junction Pvt. Ltd.,KCJPL-0088,N/A,Ready to Deploy,Laptop A-060,,,,,,,Pune,,,Think Pad,Laptop,,Laptop,Lenovo,,A-060,,Piyush Rajendra Kulkarni,Allotted,Stock & ASM
Keyboard Computer Junction Pvt. Ltd.,KCJPL-0089,N/A,Ready to Deploy,Mobile A-061,,,,,,,Pune,,,Mobile,iPhone 7,,Mobile,Apple,,A-061,,Adarsh Ramrao Chorghade,Allotted,Stock Audit Department
Keyboard Computer Junction Pvt. Ltd.,KCJPL-0090,N/A,Ready to Deploy,Laptop A-062,,,,,,,Pune,,,Laptop,Laptop,,Laptop,HP,,A-062,,Shubhranshu O2 (Office Boy),Allotted,IT Department
Keyboard Computer Junction Pvt. Ltd.,KCJPL-0091,N/A,Ready to Deploy,Laptop A-064,,,,,,,Pune,,,Laptop,Laptop,,Laptop,HP,,A-064,,Hemlata Choudhary,Allotted,Stock Audit Department
Keyboard Computer Junction Pvt. Ltd.,KCJPL-0092,N/A,Ready to Deploy,Mouse A-067,,,,,,,Pune,,,Mouse,Mouse,,Mouse,Dell,,A-067,,Mona Maheshwari,Allotted,Mutual Fund
Keyboard Computer Junction Pvt. Ltd.,KCJPL-0093,CNU417B5LL,Ready to Deploy,Laptop A-068,,,,,,,Pune,,,Laptop,Laptop,,Laptop,HP,,A-068,,Bhakti Pimperkhede,Allotted,Partner
Keyboard Computer Junction Pvt. Ltd.,KCJPL-0094,N/A,Ready to Deploy,Laptop A-070,,,,,,,Pune,,,Laptop,Laptop,,Laptop,HP,,A-070,,Mandar Shinde,Allotted,Stock Audit Department
Keyboard Computer Junction Pvt. Ltd.,KCJPL-0095,R90KTGVR,Ready to Deploy,Laptop A-071,,,,,,,Pune,,,Think Pad,Laptop,,Laptop,Lenovo,,A-071,,Hemant Sir,Allotted,Partner
Keyboard Computer Junction Pvt. Ltd.,KCJPL-0096,R90HALWL,Ready to Deploy,Laptop A-072,,,,,,,Pune,,,Think Pad,Laptop,,Laptop,Lenovo,,A-072,,Aditya Sir,Allotted,Partner
Keyboard Computer Junction Pvt. Ltd.,KCJPL-0097,5CG4311QDH,Ready to Deploy,Laptop A-075,,,,,,,Pune,,,Laptop,Laptop,,Laptop,HP,,A-075,,Harshit Modi,Allotted,Internal Audit Department
Keyboard Computer Junction Pvt. Ltd.,KCJPL-0098,N/A,Ready to Deploy,Laptop A-077,,,,,,,Pune,,,Laptop,Laptop,,Laptop,HP,,A-077,,Riddhi Kukreja,Allotted,IT Department
Keyboard Computer Junction Pvt. Ltd.,KCJPL-0099,N/A,Ready to Deploy,Laptop A-080,,,,,,,Pune,,,Laptop,Laptop,,Laptop,HP,,A-080,,Spare,Spare,IT Department
Keyboard Computer Junction Pvt. Ltd.,KCJPL-0100,N/A,Ready to Deploy,Mobile A-082,,,,,,,Pune,,,Mobile,Mobile,,Mobile,Samsung,,A-082,,Stock Team,Allotted,Stock Audit Department
Keyboard Computer Junction Pvt. Ltd.,KCJPL-0101,N/A,Ready to Deploy,Laptop A-083,,,,,,,Pune,,,Laptop,Laptop,,Laptop,HP,,A-083,,Radhika Bhattad,Allotted,Admin & Accounts
Keyboard Computer Junction Pvt. Ltd.,KCJPL-0102,N/A,Ready to Deploy,Laptop A-086,,,,,,,Pune,,,Laptop,Laptop,,Laptop,Not Applicable,,A-086,,Spare,Spare,IT Department
Keyboard Computer Junction Pvt. Ltd.,KCJPL-0103,N/A,Ready to Deploy,Laptop A-087,,,,,,,Pune,,,Laptop,Laptop,,Laptop,Not Applicable,,A-087,,Spare,Spare,IT Department
Keyboard Computer Junction Pvt. Ltd.,KCJPL-0104,N/A,Ready to Deploy,Laptop A-088,,,,,,,Pune,,,Laptop,Laptop,,Laptop,Not Applicable,,A-088,,Spare,Spare,IT Department
Keyboard Computer Junction Pvt. Ltd.,KCJPL-0105,N/A,Ready to Deploy,Laptop A-089,,,,,,,Pune,,,Laptop,Laptop,,Laptop,Not Applicable,,A-089,,Spare,Spare,IT Department
Keyboard Computer Junction Pvt. Ltd.,KCJPL-0106,N/A,Ready to Deploy,Laptop A-090,,,,,,,Pune,,,Laptop,Laptop,,Laptop,Not Applicable,,A-090,,Spare,Spare,IT Department
Keyboard Computer Junction Pvt. Ltd.,KCJPL-0107,N/A,Ready to Deploy,Laptop A-092,,,,,,,Pune,,,Laptop,Laptop,,Laptop,Not Applicable,,A-092,,Spare,Spare,IT Department
Keyboard Computer Junction Pvt. Ltd.,KCJPL-0108,N/A,Ready to Deploy,Laptop A-093,,,,,,,Pune,,,Laptop,Laptop,,Laptop,Not Applicable,,A-093,,Spare,Spare,IT Department
Keyboard Computer Junction Pvt. Ltd.,KCJPL-0109,N/A,Ready to Deploy,Laptop A-094,,,,,,,Pune,,,Laptop,Laptop,,Laptop,Not Applicable,,A-094,,Spare,Spare,IT Department
Keyboard Computer Junction Pvt. Ltd.,KCJPL-0110,N/A,Ready to Deploy,Laptop A-095,,,,,,,Pune,,,Laptop,Laptop,,Laptop,Not Applicable,,A-095,,Spare,Spare,IT Department
Keyboard Computer Junction Pvt. Ltd.,KCJPL-0111,N/A,Ready to Deploy,Laptop A-096,,,,,,,Pune,,,Laptop,Laptop,,Laptop,Not Applicable,,A-096,,Spare,Spare,IT Department
Keyboard Computer Junction Pvt. Ltd.,KCJPL-0112,N/A,Ready to Deploy,Laptop A-097,,,,,,,Pune,,,Laptop,Laptop,,Laptop,Not Applicable,,A-097,,Spare,Spare,IT Department
Keyboard Computer Junction Pvt. Ltd.,KCJPL-0113,N/A,Ready to Deploy,Mouse A-098,,,,,,,Pune,,,Mouse,Mouse,,Mouse,Dell,,A-098,,Shuham Kshirsagar,Allotted,Tax Department
Keyboard Computer Junction Pvt. Ltd.,KCJPL-0114,N/A,Ready to Deploy,Laser Jet Printer A-101,,,,,,,Chakan Office,,,Laser Jet Printer,108w,,Laser Jet Printer,HP,,A-101,,General,General,Internal Audit Department
