Company,Asset Tag,Serial Number,Status,Item Name,Purchase Date,Supplier,Order Number,Purchase Cost,Warranty Months,Asset Notes,Location,Requestable,Image Filename,Model Name,Model Number,Model Notes,Category,Manufacturer,KC Asset Tag
Kalpesh Corporation,KC-0056,56,Ready to Deploy,MTRA 1-KC,,,,,,,Buhler Cleaning Section-KC,,,MTRA-KC,MTRA_KC,,MTRA-KC,KC,KC-PROD-01
Kalpesh Corporation,KC-0057,57,Ready to Deploy,MTRA 2-KC,,,,,,,Buhler Cleaning Section-KC,,,MTRA-KC,MTRA_KC,,MTRA-KC,KC,KC-PROD-01.1
Kalpesh Corporation,KC-0058,58,Ready to Deploy,MTRA 3-KC,,,,,,,Sortex Unit-KC,,,MTRA-KC,MTRA_KC,,MTRA-KC,KC,KC-PROD-08
Kalpesh Corporation,KC-0059,59,Ready to Deploy,De-Stoner 1-KC,,,,,,,Buhler Cleaning Section-KC,,,De-Stoner-KC,De_Stoner_KC,,De-Stoner-KC,KC,KC-PROD-02
Kalpesh Corporation,KC-0060,60,Ready to Deploy,De-Stoner 2-KC,,,,,,,Sortex Unit-KC,,,De-Stoner-KC,De_Stoner_KC,,De-Stoner-KC,KC,KC-PROD-10
Kalpesh Corporation,KC-0061,61,Ready to Deploy,Elevator 1-SU-KC,,,,,,,Cleaning Section-KC,,,Elevator-KC,Elevator_KC,,Elevator-KC,KC,
Kalpesh Corporation,KC-0062,62,Ready to Deploy,Elevator 2-SU-KC,,,,,,,Cleaning Section-KC,,,Elevator-KC,Elevator_KC,,Elevator-KC,KC,
Kalpesh Corporation,KC-0063,63,Ready to Deploy,Elevator 3-SU-KC,,,,,,,Cleaning Section-KC,,,Elevator-KC,Elevator_KC,,Elevator-KC,KC,
Kalpesh Corporation,KC-0064,64,Ready to Deploy,Elevator 4-SU-KC,,,,,,,Cleaning Section-KC,,,Elevator-KC,Elevator_KC,,Elevator-KC,KC,
Kalpesh Corporation,KC-0065,65,Ready to Deploy,Elevator 5-SU-KC,,,,,,,Cleaning Section-KC,,,Elevator-KC,Elevator_KC,,Elevator-KC,KC,
Kalpesh Corporation,KC-0066,66,Ready to Deploy,Elevator 6-SU-KC,,,,,,,Sortex Unit-KC,,,Elevator-KC,Elevator_KC,,Elevator-KC,KC,
Kalpesh Corporation,KC-0067,67,Ready to Deploy,Elevator 7-SU-KC,,,,,,,Sortex Unit-KC,,,Elevator-KC,Elevator_KC,,Elevator-KC,KC,
Kalpesh Corporation,KC-0068,68,Ready to Deploy,Elevator 8-SU-KC,,,,,,,Sortex Unit-KC,,,Elevator-KC,Elevator_KC,,Elevator-KC,KC,
Kalpesh Corporation,KC-0069,69,Ready to Deploy,Elevator 9-SU-KC,,,,,,,Sortex Unit-KC,,,Elevator-KC,Elevator_KC,,Elevator-KC,KC,
Kalpesh Corporation,KC-0070,70,Ready to Deploy,Elevator 10-SU-KC,,,,,,,Sortex Unit-KC,,,Elevator-KC,Elevator_KC,,Elevator-KC,KC,
Kalpesh Corporation,KC-0071,71,Ready to Deploy,Elevator 11-SU-KC,,,,,,,Sortex Unit-KC,,,Elevator-KC,Elevator_KC,,Elevator-KC,KC,
Kalpesh Corporation,KC-0072,72,Ready to Deploy,Elevator 12-SU-KC,,,,,,,Roasting Section-KC,,,Elevator-KC,Elevator_KC,,Elevator-KC,KC,
Kalpesh Corporation,KC-0073,73,Ready to Deploy,Elevator 13-SU-KC,,,,,,,Roasting Section-KC,,,Elevator-KC,Elevator_KC,,Elevator-KC,KC,
Kalpesh Corporation,KC-0074,74,Ready to Deploy,Elevator 14-SU-KC,,,,,,,Roasting Section-KC,,,Elevator-KC,Elevator_KC,,Elevator-KC,KC,
Kalpesh Corporation,KC-0075,75,Ready to Deploy,Elevator 15-SU-KC,,,,,,,Roasting Section-KC,,,Elevator-KC,Elevator_KC,,Elevator-KC,KC,
Kalpesh Corporation,KC-0076,76,Ready to Deploy,Elevator 16-SU-KC,,,,,,,Roasting Section-KC,,,Elevator-KC,Elevator_KC,,Elevator-KC,KC,
Kalpesh Corporation,KC-0077,77,Ready to Deploy,Elevator 17-SU-KC,,,,,,,Roasting Section-KC,,,Elevator-KC,Elevator_KC,,Elevator-KC,KC,
Kalpesh Corporation,KC-0078,78,Ready to Deploy,Conveyor 1-KC,,,,,,,Buhler Cleaning Section-KC,,,Conveyor-KC,Conveyor_KC,,Conveyor-KC,KC,
Kalpesh Corporation,KC-0079,79,Ready to Deploy,Conveyor 2-KC,,,,,,,Buhler Cleaning Section-KC,,,Conveyor-KC,Conveyor_KC,,Conveyor-KC,KC,
Kalpesh Corporation,KC-0080,80,Ready to Deploy,Conveyor 3-KC,,,,,,,Buhler Cleaning Section-KC,,,Conveyor-KC,Conveyor_KC,,Conveyor-KC,KC,
Kalpesh Corporation,KC-0081,81,Ready to Deploy,Debader Moustache Cutter-KC,,,,,,,Buhler Cleaning Section-KC,,,Debader-Moustache-Cutter-KC,Debader_Moustache_Cutter_KC,,Moustache Cutter-KC,KC,KC-PROD-05
Kalpesh Corporation,KC-0082,82,Ready to Deploy,Aspirator Boxes 1-KC,,,,,,,Buhler Cleaning Section-KC,,,Aspirator-Boxes-KC,Aspirator_Boxes_KC,,Aspirator-KC,KC,KC-PROD-06
Kalpesh Corporation,KC-0083,83,Ready to Deploy,Aspirator Boxes 2-KC,,,,,,,Buhler Cleaning Section-KC,,,Aspirator-Boxes-KC,Aspirator_Boxes_KC,,Aspirator-KC,KC,KC-PROD-06.1
Kalpesh Corporation,KC-0084,84,Ready to Deploy,Storage Bin 1-SU-KC,,,,,,,Cleaning Section-KC,,,Storage-Bin-KC,Storage_Bin_KC,,Storage Bin-KC,KC,
Kalpesh Corporation,KC-0085,85,Ready to Deploy,Storage Bin 2-SU-KC,,,,,,,Sortex Unit-KC,,,Storage-Bin-KC,Storage_Bin_KC,,Storage Bin-KC,KC,
Kalpesh Corporation,KC-0086,86,Ready to Deploy,Storage Bin 3-SU-KC,,,,,,,Sortex Unit-KC,,,Storage-Bin-KC,Storage_Bin_KC,,Storage Bin-KC,KC,
Kalpesh Corporation,KC-0087,87,Ready to Deploy,Storage Bin 4-SU-KC,,,,,,,Sortex Unit-KC,,,Storage-Bin-KC,Storage_Bin_KC,,Storage Bin-KC,KC,
Kalpesh Corporation,KC-0088,88,Ready to Deploy,Storage Bin 5-SU-KC,,,,,,,Sortex Unit-KC,,,Storage-Bin-KC,Storage_Bin_KC,,Storage Bin-KC,KC,
Kalpesh Corporation,KC-0089,89,Ready to Deploy,Storage Bin 6-SU-KC,,,,,,,Roasting Section-KC,,,Storage-Bin-KC,Storage_Bin_KC,,Storage Bin-KC,KC,
Kalpesh Corporation,KC-0090,90,Ready to Deploy,Storage Bin 7-SU-KC,,,,,,,Roasting Section-KC,,,Storage-Bin-KC,Storage_Bin_KC,,Storage Bin-KC,KC,
Kalpesh Corporation,KC-0091,91,Ready to Deploy,Gravity Separator-KC,,,,,,,Buhler Cleaning Section-KC,,,Gravity-Separator-KC,Gravity_Separator_KC,,Gravity Separator-KC,KC,KC-PROD-03
Kalpesh Corporation,KC-0092,92,Ready to Deploy,Round Screener 1-HC-KC,,,,,,,Husk Classification-KC,,,Round-Screener-KC,Round_Screener_KC,,Round Screener-KC,KC,KC-PROD-23
Kalpesh Corporation,KC-0093,93,Ready to Deploy,Round Screener 2-HC-KC,,,,,,,Husk Classification-KC,,,Round-Screener-KC,Round_Screener_KC,,Round Screener-KC,KC,KC-PROD-24
Kalpesh Corporation,KC-0094,94,Ready to Deploy,Round Screener 3-HC-KC,,,,,,,Pulveriser Plant-KC,,,Round-Screener-KC,Round_Screener_KC,,Round Screener-KC,KC,KC-PROD-32
Kalpesh Corporation,KC-0095,95,Ready to Deploy,Metal Detector 1-SU-KC,,,,,,,Sortex Unit-KC,,,Metal-Detector-KC,Metal_Detector_KC,,Metal Detector-KC,KC,KC-PROD-14
Kalpesh Corporation,KC-0096,96,Ready to Deploy,Metal Detector 2-KC,,,,,,,Kalpesh Corporation,,,Metal-Detector-KC,Metal_Detector_KC,,Metal Detector-KC,KC,KC-PROD-36
Kalpesh Corporation,KC-0097,97,Ready to Deploy,Magna Roll 1-SU-KC,,,,,,,Sortex Unit-KC,,,Magna-Roll-KC,Magna_Roll_KC,,Magna Roll-KC,KC,KC-PROD-13
Kalpesh Corporation,KC-0098,98,Ready to Deploy,Round Screener 1-DH-KC,,,,,,,Sortex Unit-KC,,,Round-Screener-KC,Round_Screener_KC,,Round Screener-KC,KC,KC-PROD-12
Kalpesh Corporation,KC-0099,99,Ready to Deploy,Round Screener 2-DH-KC,,,,,,,Spices Pulveriser Plant-KC,,,Round-Screener-KC,Round_Screener_KC,,Round Screener-KC,KC,KC-PROD-46
Kalpesh Corporation,KC-0100,100,Ready to Deploy,Round Screener 3-DH-KC,,,,,,,Spices Pulveriser Plant-KC,,,Round-Screener-KC,Round_Screener_KC,,Round Screener-KC,KC,KC-PROD-47
Kalpesh Corporation,KC-0101,101,Ready to Deploy,Round Screener 4-DH-KC,,,,,,,Kalpesh Corporation,,,Round-Screener-KC,Round_Screener_KC,,Round Screener-KC,KC,
Kalpesh Corporation,KC-0102,102,Ready to Deploy,Round Screener 5-DH-KC,,,,,,,Kalpesh Corporation,,,Round-Screener-KC,Round_Screener_KC,,Round Screener-KC,KC,
Kalpesh Corporation,KC-0103,103,Ready to Deploy,Round Screener 6-DH-KC,,,,,,,Kalpesh Corporation,,,Round-Screener-KC,Round_Screener_KC,,Round Screener-KC,KC,
Kalpesh Corporation,KC-0104,104,Ready to Deploy,Round Screener 7-DH-KC,,,,,,,Kalpesh Corporation,,,Round-Screener-KC,Round_Screener_KC,,Round Screener-KC,KC,
Kalpesh Corporation,KC-0105,105,Ready to Deploy,Elevator 1-KC,,,,,,,Kalpesh Corporation,,,Elevator-KC,Elevator_KC,,Elevator-KC,KC,
Kalpesh Corporation,KC-0106,106,Ready to Deploy,Elevator 2-KC,,,,,,,Kalpesh Corporation,,,Elevator-KC,Elevator_KC,,Elevator-KC,KC,
Kalpesh Corporation,KC-0107,107,Ready to Deploy,Elevator 3-KC,,,,,,,Kalpesh Corporation,,,Elevator-KC,Elevator_KC,,Elevator-KC,KC,
Kalpesh Corporation,KC-0108,108,Ready to Deploy,Elevator 4-KC,,,,,,,Kalpesh Corporation,,,Elevator-KC,Elevator_KC,,Elevator-KC,KC,
Kalpesh Corporation,KC-0109,109,Ready to Deploy,Elevator 5-KC,,,,,,,Kalpesh Corporation,,,Elevator-KC,Elevator_KC,,Elevator-KC,KC,
Kalpesh Corporation,KC-0110,110,Ready to Deploy,Elevator 6-KC,,,,,,,Kalpesh Corporation,,,Elevator-KC,Elevator_KC,,Elevator-KC,KC,
Kalpesh Corporation,KC-0111,111,Ready to Deploy,Elevator 7-KC,,,,,,,Kalpesh Corporation,,,Elevator-KC,Elevator_KC,,Elevator-KC,KC,
Kalpesh Corporation,KC-0112,112,Ready to Deploy,Elevator 8-KC,,,,,,,Kalpesh Corporation,,,Elevator-KC,Elevator_KC,,Elevator-KC,KC,
Kalpesh Corporation,KC-0113,113,Ready to Deploy,Elevator 9-KC,,,,,,,Kalpesh Corporation,,,Elevator-KC,Elevator_KC,,Elevator-KC,KC,
Kalpesh Corporation,KC-0114,114,Ready to Deploy,Elevator 10-KC,,,,,,,Kalpesh Corporation,,,Elevator-KC,Elevator_KC,,Elevator-KC,KC,
Kalpesh Corporation,KC-0115,115,Ready to Deploy,Elevator 11-KC,,,,,,,Kalpesh Corporation,,,Elevator-KC,Elevator_KC,,Elevator-KC,KC,
Kalpesh Corporation,KC-0116,116,Ready to Deploy,Elevator 12-KC,,,,,,,Kalpesh Corporation,,,Elevator-KC,Elevator_KC,,Elevator-KC,KC,
Kalpesh Corporation,KC-0117,117,Ready to Deploy,Elevator 13-KC,,,,,,,Kalpesh Corporation,,,Elevator-KC,Elevator_KC,,Elevator-KC,KC,
Kalpesh Corporation,KC-0118,118,Ready to Deploy,Elevator 14-KC,,,,,,,Kalpesh Corporation,,,Elevator-KC,Elevator_KC,,Elevator-KC,KC,
Kalpesh Corporation,KC-0119,119,Ready to Deploy,Elevator 15-KC,,,,,,,Kalpesh Corporation,,,Elevator-KC,Elevator_KC,,Elevator-KC,KC,
Kalpesh Corporation,KC-0120,120,Ready to Deploy,Elevator 16-KC,,,,,,,Kalpesh Corporation,,,Elevator-KC,Elevator_KC,,Elevator-KC,KC,
Kalpesh Corporation,KC-0121,121,Ready to Deploy,Elevator 17-KC,,,,,,,Kalpesh Corporation,,,Elevator-KC,Elevator_KC,,Elevator-KC,KC,
Kalpesh Corporation,KC-0122,122,Ready to Deploy,Elevator 18-KC,,,,,,,Kalpesh Corporation,,,Elevator-KC,Elevator_KC,,Elevator-KC,KC,
Kalpesh Corporation,KC-0123,123,Ready to Deploy,Elevator 19-KC,,,,,,,Kalpesh Corporation,,,Elevator-KC,Elevator_KC,,Elevator-KC,KC,
Kalpesh Corporation,KC-0124,124,Ready to Deploy,Elevator 20-KC,,,,,,,Kalpesh Corporation,,,Elevator-KC,Elevator_KC,,Elevator-KC,KC,
Kalpesh Corporation,KC-0125,125,Ready to Deploy,Elevator 21-KC,,,,,,,Kalpesh Corporation,,,Elevator-KC,Elevator_KC,,Elevator-KC,KC,
Kalpesh Corporation,KC-0126,126,Ready to Deploy,Elevator 22-KC,,,,,,,Kalpesh Corporation,,,Elevator-KC,Elevator_KC,,Elevator-KC,KC,
Kalpesh Corporation,KC-0127,127,Ready to Deploy,Elevator 23-KC,,,,,,,Kalpesh Corporation,,,Elevator-KC,Elevator_KC,,Elevator-KC,KC,
Kalpesh Corporation,KC-0128,128,Ready to Deploy,Elevator 24-KC,,,,,,,Kalpesh Corporation,,,Elevator-KC,Elevator_KC,,Elevator-KC,KC,
Kalpesh Corporation,KC-0129,129,Ready to Deploy,Elevator 25-KC,,,,,,,Kalpesh Corporation,,,Elevator-KC,Elevator_KC,,Elevator-KC,KC,
Kalpesh Corporation,KC-0130,130,Ready to Deploy,Elevator 26-KC,,,,,,,Kalpesh Corporation,,,Elevator-KC,Elevator_KC,,Elevator-KC,KC,
Kalpesh Corporation,KC-0131,131,Ready to Deploy,Elevator 27-KC,,,,,,,Kalpesh Corporation,,,Elevator-KC,Elevator_KC,,Elevator-KC,KC,
Kalpesh Corporation,KC-0132,132,Ready to Deploy,Elevator 28-KC,,,,,,,Kalpesh Corporation,,,Elevator-KC,Elevator_KC,,Elevator-KC,KC,
Kalpesh Corporation,KC-0133,133,Ready to Deploy,Elevator 29-KC,,,,,,,Kalpesh Corporation,,,Elevator-KC,Elevator_KC,,Elevator-KC,KC,
Kalpesh Corporation,KC-0134,134,Ready to Deploy,Elevator 30-KC,,,,,,,Kalpesh Corporation,,,Elevator-KC,Elevator_KC,,Elevator-KC,KC,
Kalpesh Corporation,KC-0135,135,Ready to Deploy,Elevator 31-KC,,,,,,,Kalpesh Corporation,,,Elevator-KC,Elevator_KC,,Elevator-KC,KC,
Kalpesh Corporation,KC-0136,136,Ready to Deploy,Elevator 32-KC,,,,,,,Kalpesh Corporation,,,Elevator-KC,Elevator_KC,,Elevator-KC,KC,
Kalpesh Corporation,KC-0137,137,Ready to Deploy,Elevator 33-KC,,,,,,,Kalpesh Corporation,,,Elevator-KC,Elevator_KC,,Elevator-KC,KC,
Kalpesh Corporation,KC-0138,138,Ready to Deploy,Elevator 34-KC,,,,,,,Kalpesh Corporation,,,Elevator-KC,Elevator_KC,,Elevator-KC,KC,
Kalpesh Corporation,KC-0139,139,Ready to Deploy,Elevator 35-KC,,,,,,,Kalpesh Corporation,,,Elevator-KC,Elevator_KC,,Elevator-KC,KC,
Kalpesh Corporation,KC-0140,140,Ready to Deploy,Elevator 36-KC,,,,,,,Kalpesh Corporation,,,Elevator-KC,Elevator_KC,,Elevator-KC,KC,
Kalpesh Corporation,KC-0141,141,Ready to Deploy,Elevator 37-KC,,,,,,,Kalpesh Corporation,,,Elevator-KC,Elevator_KC,,Elevator-KC,KC,
Kalpesh Corporation,KC-0142,142,Ready to Deploy,Elevator 38-KC,,,,,,,Kalpesh Corporation,,,Elevator-KC,Elevator_KC,,Elevator-KC,KC,
Kalpesh Corporation,KC-0143,143,Ready to Deploy,Elevator 39-KC,,,,,,,Kalpesh Corporation,,,Elevator-KC,Elevator_KC,,Elevator-KC,KC,
Kalpesh Corporation,KC-0144,144,Ready to Deploy,Elevator 40-KC,,,,,,,Kalpesh Corporation,,,Elevator-KC,Elevator_KC,,Elevator-KC,KC,
Kalpesh Corporation,KC-0145,145,Ready to Deploy,Elevator 41-KC,,,,,,,Kalpesh Corporation,,,Elevator-KC,Elevator_KC,,Elevator-KC,KC,
Kalpesh Corporation,KC-0146,146,Ready to Deploy,Elevator 42-KC,,,,,,,Kalpesh Corporation,,,Elevator-KC,Elevator_KC,,Elevator-KC,KC,
Kalpesh Corporation,KC-0147,147,Ready to Deploy,Elevator 43-KC,,,,,,,Kalpesh Corporation,,,Elevator-KC,Elevator_KC,,Elevator-KC,KC,
Kalpesh Corporation,KC-0148,148,Ready to Deploy,Elevator 44-KC,,,,,,,Kalpesh Corporation,,,Elevator-KC,Elevator_KC,,Elevator-KC,KC,
Kalpesh Corporation,KC-0149,149,Ready to Deploy,Elevator 45-KC,,,,,,,Kalpesh Corporation,,,Elevator-KC,Elevator_KC,,Elevator-KC,KC,
Kalpesh Corporation,KC-0150,150,Ready to Deploy,Elevator 46-KC,,,,,,,Kalpesh Corporation,,,Elevator-KC,Elevator_KC,,Elevator-KC,KC,
Kalpesh Corporation,KC-0151,151,Ready to Deploy,Elevator 47-KC,,,,,,,Kalpesh Corporation,,,Elevator-KC,Elevator_KC,,Elevator-KC,KC,
Kalpesh Corporation,KC-0152,152,Ready to Deploy,Elevator 48-KC,,,,,,,Kalpesh Corporation,,,Elevator-KC,Elevator_KC,,Elevator-KC,KC,
Kalpesh Corporation,KC-0153,153,Ready to Deploy,Conveyor 4-KC,,,,,,,De-Husking Section-KC,,,Conveyor-KC,Conveyor_KC,,Conveyor-KC,KC,
Kalpesh Corporation,KC-0154,154,Ready to Deploy,Conveyor 5-KC,,,,,,,Air Classifier Section-KC,,,Conveyor-KC,Conveyor_KC,,Conveyor-KC,KC,
Kalpesh Corporation,KC-0155,155,Ready to Deploy,Conveyor 6-KC,,,,,,,Air Classifier Section-KC,,,Conveyor-KC,Conveyor_KC,,Conveyor-KC,KC,
Kalpesh Corporation,KC-0156,156,Ready to Deploy,Conveyor 7-KC,,,,,,,Pulveriser Section-KC,,,Conveyor-KC,Conveyor_KC,,Conveyor-KC,KC,
Kalpesh Corporation,KC-0157,157,Ready to Deploy,Conveyor 8-KC,,,,,,,Pulveriser Section-KC,,,Conveyor-KC,Conveyor_KC,,Conveyor-KC,KC,
Kalpesh Corporation,KC-0158,158,Ready to Deploy,Conveyor 9-KC,,,,,,,Pulveriser Section-KC,,,Conveyor-KC,Conveyor_KC,,Conveyor-KC,KC,
Kalpesh Corporation,KC-0159,159,Ready to Deploy,Conveyor 10-KC,,,,,,,Pulveriser Section-KC,,,Conveyor-KC,Conveyor_KC,,Conveyor-KC,KC,
Kalpesh Corporation,KC-0160,160,Ready to Deploy,Conveyor 11-KC,,,,,,,Pulveriser Section-KC,,,Conveyor-KC,Conveyor_KC,,Conveyor-KC,KC,
Kalpesh Corporation,KC-0161,161,Ready to Deploy,Conveyor 12-KC,,,,,,,Pulveriser Section-KC,,,Conveyor-KC,Conveyor_KC,,Conveyor-KC,KC,
Kalpesh Corporation,KC-0162,162,Ready to Deploy,Conveyor 13-KC,,,,,,,Pulveriser Section-KC,,,Conveyor-KC,Conveyor_KC,,Conveyor-KC,KC,
Kalpesh Corporation,KC-0163,163,Ready to Deploy,Conveyor 14-KC,,,,,,,Blending Section-KC,,,Conveyor-KC,Conveyor_KC,,Conveyor-KC,KC,
Kalpesh Corporation,KC-0164,164,Ready to Deploy,Conveyor 15-KC,,,,,,,Blending Section-KC,,,Conveyor-KC,Conveyor_KC,,Conveyor-KC,KC,
Kalpesh Corporation,KC-0165,165,Ready to Deploy,Storage Bin 1-KC,,,,,,,Blending Section-KC,,,Storage-Bin-KC,Storage_Bin_KC,,Storage Bin-KC,KC,
Kalpesh Corporation,KC-0166,166,Ready to Deploy,Storage Bin 2-KC,,,,,,,Blending Section-KC,,,Storage-Bin-KC,Storage_Bin_KC,,Storage Bin-KC,KC,
Kalpesh Corporation,KC-0167,167,Ready to Deploy,Storage Bin 3-KC,,,,,,,Blending Section-KC,,,Storage-Bin-KC,Storage_Bin_KC,,Storage Bin-KC,KC,
Kalpesh Corporation,KC-0168,168,Ready to Deploy,Storage Bin 4-KC,,,,,,,Blending Section-KC,,,Storage-Bin-KC,Storage_Bin_KC,,Storage Bin-KC,KC,
Kalpesh Corporation,KC-0169,169,Ready to Deploy,Storage Bin 5-KC,,,,,,,Blending Section-KC,,,Storage-Bin-KC,Storage_Bin_KC,,Storage Bin-KC,KC,
Kalpesh Corporation,KC-0170,170,Ready to Deploy,Storage Bin 6-KC,,,,,,,Blending Section-KC,,,Storage-Bin-KC,Storage_Bin_KC,,Storage Bin-KC,KC,
Kalpesh Corporation,KC-0171,171,Ready to Deploy,Storage Bin 7-KC,,,,,,,Blending Section-KC,,,Storage-Bin-KC,Storage_Bin_KC,,Storage Bin-KC,KC,
Kalpesh Corporation,KC-0172,172,Ready to Deploy,Storage Bin 8-KC,,,,,,,Blending Section-KC,,,Storage-Bin-KC,Storage_Bin_KC,,Storage Bin-KC,KC,
Kalpesh Corporation,KC-0173,173,Ready to Deploy,Storage Bin 9-KC,,,,,,,Blending Section-KC,,,Storage-Bin-KC,Storage_Bin_KC,,Storage Bin-KC,KC,
Kalpesh Corporation,KC-0174,174,Ready to Deploy,Storage Bin 10-KC,,,,,,,Blending Section-KC,,,Storage-Bin-KC,Storage_Bin_KC,,Storage Bin-KC,KC,
Kalpesh Corporation,KC-0175,175,Ready to Deploy,Storage Bin 11-KC,,,,,,,Blending Section-KC,,,Storage-Bin-KC,Storage_Bin_KC,,Storage Bin-KC,KC,
Kalpesh Corporation,KC-0176,176,Ready to Deploy,Storage Bin 12-KC,,,,,,,Blending Section-KC,,,Storage-Bin-KC,Storage_Bin_KC,,Storage Bin-KC,KC,
Kalpesh Corporation,KC-0177,177,Ready to Deploy,Storage Bin 13-KC,,,,,,,Blending Section-KC,,,Storage-Bin-KC,Storage_Bin_KC,,Storage Bin-KC,KC,
Kalpesh Corporation,KC-0178,178,Ready to Deploy,Storage Bin 14-KC,,,,,,,Blending Section-KC,,,Storage-Bin-KC,Storage_Bin_KC,,Storage Bin-KC,KC,
Kalpesh Corporation,KC-0179,179,Ready to Deploy,Storage Bin 15-KC,,,,,,,Blending Section-KC,,,Storage-Bin-KC,Storage_Bin_KC,,Storage Bin-KC,KC,
Kalpesh Corporation,KC-0180,180,Ready to Deploy,Storage Bin 16-KC,,,,,,,Blending Section-KC,,,Storage-Bin-KC,Storage_Bin_KC,,Storage Bin-KC,KC,
Kalpesh Corporation,KC-0181,181,Ready to Deploy,Storage Bin 17-KC,,,,,,,Blending Section-KC,,,Storage-Bin-KC,Storage_Bin_KC,,Storage Bin-KC,KC,
Kalpesh Corporation,KC-0182,182,Ready to Deploy,Storage Bin 18-KC,,,,,,,Blending Section-KC,,,Storage-Bin-KC,Storage_Bin_KC,,Storage Bin-KC,KC,
Kalpesh Corporation,KC-0183,183,Ready to Deploy,Storage Bin 19-KC,,,,,,,Blending Section-KC,,,Storage-Bin-KC,Storage_Bin_KC,,Storage Bin-KC,KC,
Kalpesh Corporation,KC-0184,184,Ready to Deploy,Storage Bin 20-KC,,,,,,,Blending Section-KC,,,Storage-Bin-KC,Storage_Bin_KC,,Storage Bin-KC,KC,
Kalpesh Corporation,KC-0185,185,Ready to Deploy,Air Classifier 1-HC-KC,,,,,,,Husk Classification-KC,,,Air-Classifier-KC,Air_Classifier_KC,,Air Classifier-KC,KC,KC-PROD-25
Kalpesh Corporation,KC-0186,186,Ready to Deploy,Air Classifier 2-HC-KC,,,,,,,Husk Classification-KC,,,Air-Classifier-KC,Air_Classifier_KC,,Air Classifier-KC,KC,KC-PROD-25.1
Kalpesh Corporation,KC-0187,187,Ready to Deploy,Air Classifier 3-HC-KC,,,,,,,Pulveriser Plant-KC,,,Air-Classifier-KC,Air_Classifier_KC,,Air Classifier-KC,KC,KC-PROD-31
Kalpesh Corporation,KC-0188,188,Ready to Deploy,Ribbon Blender 1-HC-KC,,,,,,,Husk Classification-KC,,,Ribbon-Blender-KC,Ribbon_Blender_KC,,Blender-KC,KC,KC-PROD-26
Kalpesh Corporation,KC-0189,189,Ready to Deploy,Ribbon Blender 2-PUOP-KC,,,,,,,Packing Unit of Psyllium-KC,,,Ribbon-Blender-KC,Ribbon_Blender_KC,,Blender-KC,KC,KC-PROD-33
Kalpesh Corporation,KC-0190,190,Ready to Deploy,Magna Roll 2-SU-KC,,,,,,,Kalpesh Corporation,,,Magna-Roll-KC,Magna_Roll_KC,,Magna Roll-KC,KC,KC-PROD-35
Kalpesh Corporation,KC-0191,191,Ready to Deploy,Metal Detector 1-PUP-KC,,,,,,,Packing Unit of Psyllium-KC,,,Metal-Detector-KC,Metal_Detector_KC,,Metal Detector-KC,KC,KC-PROD-39
Kalpesh Corporation,KC-0192,192,Ready to Deploy,Metal Detector 2-SPP-KC,,,,,,,Spices Pulveriser Plant-KC,,,Metal-Detector-KC,Metal_Detector_KC,,Metal Detector-KC,KC,KC-PROD-48
Kalpesh Corporation,KC-0193,193,Ready to Deploy,Psyllium De-Husk Mills 1-KC,,,,,,,De-Husking Unit-KC,,,Psyllium-De-Husk-Mills-KC,Psyllium_De_Husk_Mills_KC,,De-Husk Mill-KC,KC,KC-PROD-21
Kalpesh Corporation,KC-0194,194,Ready to Deploy,Psyllium De-Husk Mills 2-KC,,,,,,,De-Husking Unit-KC,,,Psyllium-De-Husk-Mills-KC,Psyllium_De_Husk_Mills_KC,,De-Husk Mill-KC,KC,KC-PROD-22
Kalpesh Corporation,KC-0195,195,Ready to Deploy,Hand Pallett Truck 1-KC,,,,,,,Kalpesh Corporation,,,Hand-Pallett-Truck-KC,Hand_Pallett_Truck_KC,,Hand Pallett Truck-KC,KC,
Kalpesh Corporation,KC-0196,196,Ready to Deploy,Hand Pallett Truck 2-KC,,,,,,,Kalpesh Corporation,,,Hand-Pallett-Truck-KC,Hand_Pallett_Truck_KC,,Hand Pallett Truck-KC,KC,
