Company,Asset Tag,Serial Number,Status,Item Name,Purchase Date,Supplier,Order Number,Purchase Cost,Warranty Months,Asset Notes,Location,Requestable,Image Filename,Model Name,Model Number,Model Notes,Category,Manufacturer
Tailored Solutions,TS-0001,1,Ready to Deploy,Office Chair 1-TS,,TS,,,,,Director's Cabin-TS,,,Office Chair-TS,Office Chair-TS,,Office Chair-TS,TS
Tailored Solutions,TS-0002,2,Ready to Deploy,Office Chair 2-TS,,TS,,,,,Director's Cabin-TS,,,Office Chair-TS,Office Chair-TS,,Office Chair-TS,TS
Tailored Solutions,TS-0003,3,Ready to Deploy,Office Chair 3-TS,,TS,,,,,Director's Cabin-TS,,,Office Chair-TS,Office Chair-TS,,Office Chair-TS,TS
Tailored Solutions,TS-0004,4,Ready to Deploy,Office Chair 4-TS,,TS,,,,,Director's Cabin-TS,,,Office Chair-TS,Office Chair-TS,,Office Chair-TS,TS
Tailored Solutions,TS-0005,5,Ready to Deploy,Office Chair 5-TS,,TS,,,,,Director's Cabin-TS,,,Office Chair-TS,Office Chair-TS,,Office Chair-TS,TS
Tailored Solutions,TS-0006,6,Ready to Deploy,Office Chair 6-TS,,TS,,,,,Conference Room 1-TS,,,Office Chair-TS,Office Chair-TS,,Office Chair-TS,TS
Tailored Solutions,TS-0007,7,Ready to Deploy,Office Chair 7-TS,,TS,,,,,Conference Room 1-TS,,,Office Chair-TS,Office Chair-TS,,Office Chair-TS,TS
Tailored Solutions,TS-0008,8,Ready to Deploy,Office Chair 8-TS,,TS,,,,,Conference Room 1-TS,,,Office Chair-TS,Office Chair-TS,,Office Chair-TS,TS
Tailored Solutions,TS-0009,9,Ready to Deploy,Office Chair 9-TS,,TS,,,,,Conference Room 1-TS,,,Office Chair-TS,Office Chair-TS,,Office Chair-TS,TS
Tailored Solutions,TS-0010,10,Ready to Deploy,Office Chair 10-TS,,TS,,,,,Conference Room 2-TS,,,Office Chair-TS,Office Chair-TS,,Office Chair-TS,TS
Tailored Solutions,TS-0011,11,Ready to Deploy,Office Chair 11-TS,,TS,,,,,Conference Room 2-TS,,,Office Chair-TS,Office Chair-TS,,Office Chair-TS,TS
Tailored Solutions,TS-0012,12,Ready to Deploy,Office Chair 12-TS,,TS,,,,,Conference Room 2-TS,,,Office Chair-TS,Office Chair-TS,,Office Chair-TS,TS
Tailored Solutions,TS-0013,13,Ready to Deploy,Office Chair 13-TS,,TS,,,,,Conference Room 2-TS,,,Office Chair-TS,Office Chair-TS,,Office Chair-TS,TS
Tailored Solutions,TS-0014,14,Ready to Deploy,Office Chair 14-TS,,TS,,,,,Conference Room 2-TS,,,Office Chair-TS,Office Chair-TS,,Office Chair-TS,TS
Tailored Solutions,TS-0015,15,Ready to Deploy,Office Chair 15-TS,,TS,,,,,Development Area 1-TS,,,Office Chair-TS,Office Chair-TS,,Office Chair-TS,TS
Tailored Solutions,TS-0016,16,Ready to Deploy,Office Chair 16-TS,,TS,,,,,Development Area 1-TS,,,Office Chair-TS,Office Chair-TS,,Office Chair-TS,TS
Tailored Solutions,TS-0017,17,Ready to Deploy,Office Chair 17-TS,,TS,,,,,Development Area 1-TS,,,Office Chair-TS,Office Chair-TS,,Office Chair-TS,TS
Tailored Solutions,TS-0018,18,Ready to Deploy,Office Chair 18-TS,,TS,,,,,Development Area 1-TS,,,Office Chair-TS,Office Chair-TS,,Office Chair-TS,TS
Tailored Solutions,TS-0019,19,Ready to Deploy,Office Chair 19-TS,,TS,,,,,Development Area 1-TS,,,Office Chair-TS,Office Chair-TS,,Office Chair-TS,TS
Tailored Solutions,TS-0020,20,Ready to Deploy,Office Chair 20-TS,,TS,,,,,Development Area 2-TS,,,Office Chair-TS,Office Chair-TS,,Office Chair-TS,TS
Tailored Solutions,TS-0021,21,Ready to Deploy,Office Chair 21-TS,,TS,,,,,Development Area 2-TS,,,Office Chair-TS,Office Chair-TS,,Office Chair-TS,TS
Tailored Solutions,TS-0022,22,Ready to Deploy,Office Chair 22-TS,,TS,,,,,Development Area 2-TS,,,Office Chair-TS,Office Chair-TS,,Office Chair-TS,TS
Tailored Solutions,TS-0023,23,Ready to Deploy,Office Chair 23-TS,,TS,,,,,Development Area 2-TS,,,Office Chair-TS,Office Chair-TS,,Office Chair-TS,TS
Tailored Solutions,TS-0024,24,Ready to Deploy,Office Chair 24-TS,,TS,,,,,Development Area 2-TS,,,Office Chair-TS,Office Chair-TS,,Office Chair-TS,TS
Tailored Solutions,TS-0025,25,Ready to Deploy,Office Chair 25-TS,,TS,,,,,Development Area 2-TS,,,Office Chair-TS,Office Chair-TS,,Office Chair-TS,TS
Tailored Solutions,TS-0026,26,Ready to Deploy,Office Chair 26-TS,,TS,,,,,Reception Area-TS,,,Office Chair-TS,Office Chair-TS,,Office Chair-TS,TS
Tailored Solutions,TS-0027,27,Ready to Deploy,Air Conditioner 1-TS,,TS,,,,,Director's Cabin-TS,,,AC-TS,AC-TS,,Air Conditioner-TS,TS
Tailored Solutions,TS-0028,28,Ready to Deploy,Air Conditioner 2-TS,,TS,,,,,Director's Cabin-TS,,,AC-TS,AC-TS,,Air Conditioner-TS,TS
Tailored Solutions,TS-0029,29,Ready to Deploy,Air Conditioner 3-TS,,TS,,,,,Conference Room 1-TS,,,AC-TS,AC-TS,,Air Conditioner-TS,TS
Tailored Solutions,TS-0030,30,Ready to Deploy,Air Conditioner 4-TS,,TS,,,,,Conference Room 2-TS,,,AC-TS,AC-TS,,Air Conditioner-TS,TS
Tailored Solutions,TS-0031,31,Ready to Deploy,Air Conditioner 5-TS,,TS,,,,,Development Area 1-TS,,,AC-TS,AC-TS,,Air Conditioner-TS,TS
Tailored Solutions,TS-0032,32,Ready to Deploy,Air Conditioner 6-TS,,TS,,,,,Development Area 2-TS,,,AC-TS,AC-TS,,Air Conditioner-TS,TS
Tailored Solutions,TS-0033,33,Ready to Deploy,Computer 1 (Remtoe)-TS,,TS,,,,,Development Area 1-TS,,,PC-TS,PC-TS,,Computer-TS,TS
Tailored Solutions,TS-0034,34,Ready to Deploy,Computer 2 (Julfikar)-TS,,TS,,,,,Development Area 1-TS,,,PC-TS,PC-TS,,Computer-TS,TS
Tailored Solutions,TS-0035,35,Ready to Deploy,Computer 3 (Manisha-Remote)-TS,,TS,,,,,Development Area 1-TS,,,PC-TS,PC-TS,,Computer-TS,TS
Tailored Solutions,TS-0036,36,Ready to Deploy,Computer 4 (Bharat)-TS,,TS,,,,,Development Area 1-TS,,,PC-TS,PC-TS,,Computer-TS,TS
Tailored Solutions,TS-0037,37,Ready to Deploy,Computer 5 (Remote)-TS,,TS,,,,,Development Area 2-TS,,,PC-TS,PC-TS,,Computer-TS,TS
Tailored Solutions,TS-0038,38,Ready to Deploy,Computer 6 (with Printer)-TS,,TS,,,,,Development Area 2-TS,,,PC-TS,PC-TS,,Computer-TS,TS
Tailored Solutions,TS-0039,39,Ready to Deploy,Computer 7 (Akash)-TS,,TS,,,,,Development Area 2-TS,,,PC-TS,PC-TS,,Computer-TS,TS
Tailored Solutions,TS-0040,40,Ready to Deploy,Computer 8 (Extra NR Akash's PC)-TS,,TS,,,,,Development Area 2-TS,,,PC-TS,PC-TS,,Computer-TS,TS
