a,Email,Username,item Name,Model name,Category,Manufacturer,Model Number,Serial number,Asset Tag,Location,Notes,Purchase Date,Purchase Cost,Company,Status,Warranty,Supplier
,,,FM Tank-1,FM_Tank_1,Fermented Milk Plant,Synthesis,FMT1,N/A,VD-001,Fermented Milk Plant Area,,2013,,Vidya Dairy,Ready to Deploy,,
,,,FM Tank-2,FM_Tank_2,Fermented Milk Plant,Synthesis,FMT2,N/A,VD-002,Fermented Milk Plant Area,,2013,,Vidya Dairy,Ready to Deploy,,
,,,Preheater cum Chiller,Preheater_cum_Chiller,Fermented Milk Plant,GEA,PCC,N/A,VD-003,Fermented Milk Plant Area,,2013,,Vidya Dairy,Ready to Deploy,,
,,,Turbo blander,Turbo_blander,Fermented Milk Plant,Synthesis,TB,N/A,VD-004,Fermented Milk Plant Area,,2013,,Vidya Dairy,Ready to Deploy,,
,,,Duplex Filter-1,Duplex_Filter_1,Fermented Milk Plant,Synthesis,DF1,N/A,VD-005,Fermented Milk Plant Area,,2013,,Vidya Dairy,Ready to Deploy,,
,,,Balance Tank,Balance_Tank,Fermented Milk Plant,Synthesis,BT,N/A,VD-006,Fermented Milk Plant Area,,2013,,Vidya Dairy,Ready to Deploy,,
,,,FM Pasteurizer,FM_Pasteurizer,Fermented Milk Plant,GEA,FMP,N/A,VD-007,Fermented Milk Plant Area,,2013,,Vidya Dairy,Ready to Deploy,,
,,,Duplex Filter-2,Duplex_Filter_2,Fermented Milk Plant,Synthesis,DF2,N/A,VD-008,Fermented Milk Plant Area,,2013,,Vidya Dairy,Ready to Deploy,,
,,,Homogenizer,Homogenizer,Fermented Milk Plant,FBF,HR,N/A,VD-009,Fermented Milk Plant Area,,2013,,Vidya Dairy,Ready to Deploy,,
,,,FM Tank-3,FM_Tank_3,Fermented Milk Plant,Cipriani Harrison,FMT3,N/A,VD-010,Fermented Milk Plant Area,,2017,,Vidya Dairy,Ready to Deploy,,
,,,FM Tank-4,FM_Tank_4,Fermented Milk Plant,Cipriani Harrison,FMT4,N/A,VD-011,Fermented Milk Plant Area,,2017,,Vidya Dairy,Ready to Deploy,,
,,,Reheater,Reheater,Fermented Milk Plant,GEA,RR,N/A,VD-012,Fermented Milk Plant Area,,2013,,Vidya Dairy,Ready to Deploy,,
,,,Hot Water Tank,Hot_Water_Tank,Fermented Milk Plant,ABC,HWT,N/A,VD-013,Fermented Milk Plant Area,,2020,,Vidya Dairy,Ready to Deploy,,
,,,Culture vat-1,Culture_vat_1,Fermented Milk Plant,Synthesis,CV1,N/A,VD-014,Fermented Milk Plant Area,,2013,,Vidya Dairy,Ready to Deploy,,
,,,Culture vat-2,Culture_vat_2,Fermented Milk Plant,Synthesis,CV2,N/A,VD-015,Fermented Milk Plant Area,,2013,,Vidya Dairy,Ready to Deploy,,
,,,Dahi Packaging machine-1,Dahi_Packaging_machine_1,Fermented Milk Plant,RMC,DPM1,N/A,VD-016,Fermented Milk Plant Area,,2015,,Vidya Dairy,Ready to Deploy,,
,,,Dahi Packaging machine-2,Dahi_Packaging_machine_2,Fermented Milk Plant,SAMARPAN,DPM2,N/A,VD-017,Fermented Milk Plant Area,,2018,,Vidya Dairy,Ready to Deploy,,
,,,Incubation room-1 Electric Heater,Incubation_room_1_Electric_Heater,Fermented Milk Plant,N/A,IR1E,N/A,VD-018,Incubation Room,,2019,,Vidya Dairy,Ready to Deploy,,
,,,Incubation room-1 Refrigerant Heater unit,Incubation_room_1_Refrigerant_Heater_unit,Fermented Milk Plant,ICE MAKE,IR1R,N/A,VD-019,Incubation Room,,2013,,Vidya Dairy,Ready to Deploy,,
,,,Incubation room-2 Refrigerant Heater unit,Incubation_room_2_Refrigerant_Heater_unit,Fermented Milk Plant,ICE MAKE,IR2R,N/A,VD-020,Incubation Room,,2021,,Vidya Dairy,Ready to Deploy,,
,,,Mixing Pump (P-1),Mixing_Pump_(P_1),Fermented Milk Plant,Fristam,MPP1,N/A,VD-021,Fermented Milk Plant,,2013,,Vidya Dairy,Ready to Deploy,,
,,,Turbo blender centrifugal pump (P-2),Turbo_blender_centrifugal_pump_(P_2),Fermented Milk Plant,Fristam,TBC,N/A,VD-022,Fermented Milk Plant,,2013,,Vidya Dairy,Ready to Deploy,,
,,,Turbo blender sheer pump (P-3),Turbo_blender_sheer_pump_(P_3),Fermented Milk Plant,Fristam,TBSP,N/A,VD-023,Fermented Milk Plant,,2013,,Vidya Dairy,Ready to Deploy,,
,,,BT Pump (PHE) (P-4),BT_Pump_(PHE)_(P_4),Fermented Milk Plant,Fristam,BTP-4,N/A,VD-024,Fermented Milk Plant,,2013,,Vidya Dairy,Ready to Deploy,,
,,,Booster pump of PHE (P-5),Booster_pump_of_PHE_(P_5),Fermented Milk Plant,IDMC,BPOFPHE,N/A,VD-025,Fermented Milk Plant,,2013,,Vidya Dairy,Ready to Deploy,,
,,,Hot water pump of PHE (P-6),Hot_water_pump_of_PHE_(P_6),Fermented Milk Plant,Grund Fos,HWPOFPHE,N/A,VD-026,Fermented Milk Plant,,2013,,Vidya Dairy,Ready to Deploy,,
,,,Hot water pump of plant (P-7),Hot_water_pump_of_plant_(P_7),Fermented Milk Plant,Grund Fos,HWPOFP,N/A,VD-027,Fermented Milk Plant,,2013,,Vidya Dairy,Ready to Deploy,,
,,,Preheater pump (P-8),Preheater_pump_(P_8),Fermented Milk Plant,Fristam,PPP8,N/A,VD-028,Fermented Milk Plant,,2013,,Vidya Dairy,Ready to Deploy,,
,,,CIP Return Pump (P-9),CIP_Return_Pump_(P_9),Fermented Milk Plant,Fristam,CIPRPP9,N/A,VD-029,Fermented Milk Plant,,2013,,Vidya Dairy,Ready to Deploy,,
,,,CIP Return Pump (P-10),CIP_Return_Pump_(P_10),Fermented Milk Plant,Fristam,CIPRPP10,N/A,VD-030,Fermented Milk Plant,,2017,,Vidya Dairy,Ready to Deploy,,
,,,Agitator of tank-1,Agitator__of_tank_1__,Fermented Milk Plant,Remi Electrotechnik,AT1,N/A,VD-031,Fermented Milk Plant,,2017,,Vidya Dairy,Ready to Deploy,,
,,,Agitator of tank-2,Agitator__of_tank_2,Fermented Milk Plant,Remi Electrotechnik,AT2,N/A,VD-032,Fermented Milk Plant,,2013,,Vidya Dairy,Ready to Deploy,,
,,,Agitator of tank-3,Agitator__of_tank_3,Fermented Milk Plant,Lenka Engineering,AT3,N/A,VD-033,Fermented Milk Plant,,2020,,Vidya Dairy,Ready to Deploy,,
,,,Agitator of tank-4,Agitator__of_tank_4,Fermented Milk Plant,Lenka Engineering,AT4,N/A,VD-034,Fermented Milk Plant,,2013,,Vidya Dairy,Ready to Deploy,,
,,,Agitator of Culture vat-1,Agitator_of_Culture_vat_1,Fermented Milk Plant,Power Build Ltd,ACV1,N/A,VD-035,Fermented Milk Plant,,2013,,Vidya Dairy,Ready to Deploy,,
,,,Agitator of Culture vat-2,Agitator_of_Culture_vat_2,Fermented Milk Plant,Power Build Ltd,ACV2,N/A,VD-036,Fermented Milk Plant,,2015,,Vidya Dairy,Ready to Deploy,,
,,,Dearetore Tank,Dearetore_Tank,Buttermilk Plant,ABC,DT,N/A,VD-037,Buttermilk Reception Area,,2020,,Vidya Dairy,Ready to Deploy,,
,,,Reception Filter,Reception_Filter,Buttermilk Plant,ABC,RF,N/A,VD-038,Buttermilk Reception Area,,2020,,Vidya Dairy,Ready to Deploy,,
,,,Buttermilk Reception Chiller,Buttermilk_Reception_Chiller,Buttermilk Plant,ABC,BRC,N/A,VD-039,Buttermilk Plant Area,,2020,,Vidya Dairy,Ready to Deploy,,
,,,Buttermilk Silo-1,Buttermilk_Silo_1,Buttermilk Plant,ABC,BS1,N/A,VD-040,Buttermilk Silo Area,,2020,,Vidya Dairy,Ready to Deploy,,
,,,Balance Tank,Balance_Tank,Buttermilk Plant,ABC,BT,N/A,VD-041,Buttermilk Plant Area,,2020,,Vidya Dairy,Ready to Deploy,,
,,,Buttermilk PHE,Buttermilk_PHE,Buttermilk Plant,ABC,BPHE,N/A,VD-042,Buttermilk Plant Area,,2020,,Vidya Dairy,Ready to Deploy,,
,,,Duplex Filter,Duplex_Filter,Buttermilk Plant,ABC,DF,N/A,VD-043,Buttermilk Plant Area,,2020,,Vidya Dairy,Ready to Deploy,,
,,,Buttermilk Silo-2,Buttermilk_Silo_2,Buttermilk Plant,ABC,BS2,N/A,VD-044,Buttermilk Silo Area,,2020,,Vidya Dairy,Ready to Deploy,,
,,,Buttermilk Transfer Chiller,Buttermilk_Transfer_Chiller,Buttermilk Plant,ABC,BTC,N/A,VD-045,Buttermilk Plant Area,,2020,,Vidya Dairy,Ready to Deploy,,
,,,Inline Strainer,Inline_Strainer,Buttermilk Plant,ABC,IS,N/A,VD-046,Hmst Area (Terrece),,2020,,Vidya Dairy,Ready to Deploy,,
,,,Buttermilk HMST,Buttermilk_HMST,Buttermilk Plant,ABC,BHMST,N/A,VD-047,Hmst Area (Terrece),,2020,,Vidya Dairy,Ready to Deploy,,
,,,Buttermilk Packaging Machine-1,Buttermilk_Packaging_Machine_1,Buttermilk Plant,ABC,BPM1,N/A,VD-048,Buttermilk Plant Area,,2020,,Vidya Dairy,Ready to Deploy,,
,,,Buttermilk Packaging Machine-2,Buttermilk_Packaging_Machine_2,Buttermilk Plant,ABC,BPM2,N/A,VD-049,Buttermilk Plant Area,,2020,,Vidya Dairy,Ready to Deploy,,
,,,Buttermilk Reprocessing tank,Buttermilk_Reprocessing_tank,Buttermilk Plant,ABC,BRT,N/A,VD-050,Buttermilk Plant Area,,2020,,Vidya Dairy,Ready to Deploy,,
,,,Leaky Pouch Tank,Leaky_Pouch_Tank,Buttermilk Plant,ABC,LPT,N/A,VD-051,Buttermilk Plant Area,,2020,,Vidya Dairy,Ready to Deploy,,
,,,Buttermilk Reprocessing Chiller,Buttermilk_Reprocessing_Chiller,Buttermilk Plant,ABC,BRC,N/A,VD-052,Buttermilk Plant Area,,2020,,Vidya Dairy,Ready to Deploy,,
,,,Chilled water tank,Chilled_water_tank,Buttermilk Plant,ABC,CWT,N/A,VD-053,Buttermilk Plant Area,,2020,,Vidya Dairy,Ready to Deploy,,
,,,Crate Washer,Crate_Washer,Buttermilk Plant,ABC,CW,N/A,VD-054,Buttermilk Plant Area,,2020,,Vidya Dairy,Ready to Deploy,,
,,,Crate Washer conveyour,Crate_Washer_conveyour,Buttermilk Plant,ABC,CWC,N/A,VD-055,Buttermilk Plant Area,,2020,,Vidya Dairy,Ready to Deploy,,
,,,Buttermilk Reception pump,Buttermilk_Reception_pump,Buttermilk Plant,Fristam,BCP,N/A,VD-056,Buttermilk Reception Area,,2020,,Vidya Dairy,Ready to Deploy,,
,,,Silo to Balance tank pump,Silo_to_Balance_tank_pump,Buttermilk Plant,Fristam,SBTP,N/A,VD-057,Buttermilk Reception Area,,2020,,Vidya Dairy,Ready to Deploy,,
,,,Feed pump,Feed_pump,Buttermilk Plant,Fristam,FP,N/A,VD-058,Buttermilk Plant Area,,2020,,Vidya Dairy,Ready to Deploy,,
,,,Booster pump,Booster_pump,Buttermilk Plant,Fristam,BP,N/A,VD-059,Buttermilk Plant Area,,2020,,Vidya Dairy,Ready to Deploy,,
,,,Hot water pump,Hot_water_pump,Buttermilk Plant,Grund Fos,HWP,N/A,VD-060,Buttermilk Plant Area,,2020,,Vidya Dairy,Ready to Deploy,,
,,,HMST Transfer pump,HMST_Transfer_pump,Buttermilk Plant,Fristam,HMSTTP,N/A,VD-061,Buttermilk Silo Area,,2020,,Vidya Dairy,Ready to Deploy,,
,,,Dumping tank to BT pump,Dumping_tank_to_BT_pump,Buttermilk Plant,Fristam,DTBTP,N/A,VD-062,Buttermilk Plant Area,,2020,,Vidya Dairy,Ready to Deploy,,
,,,Leaky pouch to Dumping tank pump,Leaky_pouch_to_Dumping_tank__pump,Buttermilk Plant,Fristam,LPTODT,N/A,VD-063,Buttermilk Plant Area,,2020,,Vidya Dairy,Ready to Deploy,,
,,,Chilled water pump,Chilled_water_pump,Buttermilk Plant,GrundFoss,CWP,N/A,VD-064,Buttermilk Plant Area,,2020,,Vidya Dairy,Ready to Deploy,,
,,,Silo CIP return pump,Silo_CIP_return_pump,Buttermilk Plant,Fristam,SCIPRP,N/A,VD-065,Buttermilk Silo Area,,2020,,Vidya Dairy,Ready to Deploy,,
,,,HMST CIP return pump,HMST_CIP_return_pump,Buttermilk Plant,Fristam,HMSTCIPRP,N/A,VD-066,Hmst Area (Terrece),,2020,,Vidya Dairy,Ready to Deploy,,
,,,Packaging machine CIP return pump,Packaging_machine_CIP_return_pump,Buttermilk Plant,Fristam,PMCIPRP,N/A,VD-067,Buttermilk Plant Area,,2020,,Vidya Dairy,Ready to Deploy,,
,,,Silo Agitator motor-1,Silo_Agitator_motor_1,Buttermilk Plant,ABB,SAM1,N/A,VD-068,Buttermilk Silo,,2020,,Vidya Dairy,Ready to Deploy,,
,,,Silo Agitator motor-2,Silo_Agitator_motor_2,Buttermilk Plant,ABB,SAM2,N/A,VD-069,Buttermilk Silo,,2020,,Vidya Dairy,Ready to Deploy,,
,,,HMST Agitator motor,HMST_Agitator_motor,Buttermilk Plant,ABB,HMSTAM,N/A,VD-070,Buttermilk HMST,,2020,,Vidya Dairy,Ready to Deploy,,
,,,Crate washer motors-1,Crate_washer_motors_1,Buttermilk Plant,Grund Fos,CWM1,N/A,VD-071,Buttermilk Crate Washer Area,,2020,,Vidya Dairy,Ready to Deploy,,
,,,Crate washer motors-2,Crate_washer_motors_2,Buttermilk Plant,Grund Fos,CWM2,N/A,VD-072,Buttermilk Crate Washer Area,,2020,,Vidya Dairy,Ready to Deploy,,
,,,Crate washer motors-3,Crate_washer_motors_3,Buttermilk Plant,Grund Fos,CWM3,N/A,VD-073,Buttermilk Crate Washer Area,,2020,,Vidya Dairy,Ready to Deploy,,
,,,Crate Conveyour motors-1,Crate_Conveyour_motors_1,Buttermilk Plant,Rotomotive,CCM1,N/A,VD-074,Buttermilk Crate Washer Area,,2020,,Vidya Dairy,Ready to Deploy,,
,,,Crate Conveyour motors-2,Crate_Conveyour_motors_2,Buttermilk Plant,Rotomotive,CCM2,N/A,VD-075,Buttermilk Crate Washer Area,,2020,,Vidya Dairy,Ready to Deploy,,
,,,Crate Conveyour motors-3,Crate_Conveyour_motors_3,Buttermilk Plant,Rotomotive,CCM3,N/A,VD-076,Buttermilk Crate Washer Area,,2020,,Vidya Dairy,Ready to Deploy,,
,,,Cream storage tank,Cream_storage_tank,Ghee,IDMC,CST,914/6,VD-077,Milk Production Dept.,,34377,385072.29,Vidya Dairy,Ready to Deploy,,IDMC
,,,Cream storage tank,Cream_storage_tank,Ghee,Diya Industries,CST,N/A,VD-078,Milk Production Dept.,,41978,729549.04,Vidya Dairy,Ready to Deploy,,Diya Industries
,,,Chilled Water Return Pump,Chilled_Water_Return_Pump,Ghee,N/A,CWRP,N/A,VD-079,Milk Production Dept.,,,,Vidya Dairy,Ready to Deploy,,
,,,Countinuous Butter Making Machine,BM,Ghee,HMT Limited,8,8748,VD-080,Ghee Section,,43104,3629223.31,Vidya Dairy,Ready to Deploy,,HMT Limited
,,,Butter Melting Vat,Butter_Melting_Vat,Ghee,Vinay Engineering,BMV,N/A,VD-081,Ghee Section,,43460,243550,Vidya Dairy,Ready to Deploy,,Vinay Engineering
,,,Prestatification Tank,Prestatification_Tank,Ghee,IDMC,PT,914/3,VD-082,Ghee Section,,34377,99691.47,Vidya Dairy,Ready to Deploy,,IDMC
,,,Ghee Boiler,Ghee_Boiler,Ghee,IDMC,GB,914/5,VD-083,Ghee Section,,34377,359694.34,Vidya Dairy,Ready to Deploy,,IDMC
,,,Ghee Filter,Ghee_Filter,Ghee,IDMC,GF,914/20,VD-084,Ghee Section,,34377,262797.67,Vidya Dairy,Ready to Deploy,,IDMC
,,,Ghee Clarifier,VLG,Ghee,Alfa Laval,206,4059527,VD-085,Ghee Section,,34377,353425.27,Vidya Dairy,Ready to Deploy,,
,,,Ghee Storage tank,Ghee_Storage_tank,Ghee,IDMC,GST,I21000000481,VD-086,Ghee Section,,44466,375588.98,Vidya Dairy,Ready to Deploy,,IDMC
,,,Ghee Balance tank,Ghee_Balance_tank,Ghee,IDMC,GBT,N/A,VD-087,Ghee Section,,34377,91186.34,Vidya Dairy,Ready to Deploy,,IDMC
,,,Ghee Packaging Machine,Filpack CMS,Ghee,Nichrome Packaging Solutions,GPM,25230208,VD-088,Ghee Section,,45011,,Vidya Dairy,Ready to Deploy,,Nichrome Packaging Solutions
,,,Cream Transfer Pump,UDL01085,Ghee,Rotomac Industries Pvt.Ltd,CTP,11090529,VD-089,Milk Production Dept.,,41879,69149.78,Vidya Dairy,Ready to Deploy,,Rotomac Industries Pvt.Ltd
,,,Buttermilk Pump,Buttermilk_Pump,Ghee,Zeutech Eng. Pvt. Ltd,BP,2281,VD-090,Ghee Section,,,,Vidya Dairy,Ready to Deploy,,
,,,Butter Transfer Pump,FAS03121SE0655B121,Ghee,Rotomac Industries Pvt.Ltd,BTP-4,16680,VD-091,Ghee Section,,43776,75260.89,Vidya Dairy,Ready to Deploy,,Rotomac Industries Pvt.Ltd
,,,Ghee Transfer Pump,CNA30,Ghee,Rotomac Industries Pvt.Ltd,78772,A-11492,VD-092,Ghee Section,,34377,40430.41,Vidya Dairy,Ready to Deploy,,
,,,Ghee Pump for Packaging Machine,DIG,Ghee,Delta PD pumps Pvt. Ltd.,70,A230062/933,VD-093,Ghee Section,,45011,,Vidya Dairy,Ready to Deploy,,Nichrome Packaging Solutions
,,,Return Water Pump-Vertical,Return_Water_Pump_Vertical,Ghee,GRUNDFOSS,40102PTI601,N/A,VD-094,Ghee Section,,,,Vidya Dairy,Ready to Deploy,,
,,,Milk Silo 1,Milk_Silo_1,Milk Process,IDMC,MS1,914/2,VD-095,Milk Production Dept.,,1992,,Vidya Dairy,Ready to Deploy,,IDMC
,,,Milk Silo 2,Milk_Silo_2,Milk Process,IDMC,MS2,914/1,VD-096,Milk Production Dept.,,1992,,Vidya Dairy,Ready to Deploy,,IDMC
,,,Milk Silo 3,Milk_Silo_3,Milk Process,IDMC,MS3,914/3,VD-097,Milk Production Dept.,,1993,,Vidya Dairy,Ready to Deploy,,IDMC
,,,Milk Silo 4,Milk_Silo_4,Milk Process,IDMC,MS4,914/4,VD-098,Milk Production Dept.,,1993,,Vidya Dairy,Ready to Deploy,,IDMC
,,,Milk Silo 5,Milk_Silo_5,Milk Process,EPC SYNTHESIS,MS5,N/A,VD-099,Milk Production Dept.,,2013,,Vidya Dairy,Ready to Deploy,,EPC SYNTHESIS
,,,Milk silo 6,Milk_silo_6,Milk Process,ABC,MS6,2016/t/026,VD-100,Milk Production Dept.,,2016,,Vidya Dairy,Ready to Deploy,,ABC
,,,Milk silo 7,Milk_silo_7,Milk Process,ABC,MS7,N/A,VD-101,Milk Production Dept.,,2022,,Vidya Dairy,Ready to Deploy,,ABC
,,,HMST 20KLPH,HMST_20KLPH,Milk Process,IDMC,HMST20KLPH,H22000000348,VD-102,Milk Production Dept.,,2023,,Vidya Dairy,Ready to Deploy,,IDMC
,,,HMST 9 KLPH (HMST__9_KLPH),HMST__9_KLPH,Milk Process,IDMC,HMST9KLPH,N/A,VD-103,Milk Production Dept.,,1992,,Vidya Dairy,Ready to Deploy,,IDMC
,,,HMST 9 KLPH (HMST_9_KLPH),HMST_9_KLPH,Milk Process,IDMC,HMST9KLPH,914/24,VD-104,Milk Production Dept.,,1992,,Vidya Dairy,Ready to Deploy,,IDMC
,,,HMST 5 KLPH,HMST_5_KLPH,Milk Process,IDMC,HMST5KLPH,914/1,VD-105,Milk Production Dept.,,1992,,Vidya Dairy,Ready to Deploy,,IDMC
,,,Raw milk Chiller 30KLPH,Raw_milk_Chiller_30KLPH,Milk Process,Alfa laval,RMC30KLPH,30118-78-189,VD-106,Milk Production Dept.,,2016,,Vidya Dairy,Ready to Deploy,,Tetra pak
,,,CIP Tanks *4 (3 KL),CIP_TANKS_*4_(3_KL),CIP,ABC,CIPT4_3KL,20141545,VD-107,Milk Production Dept.,,2015,,Vidya Dairy,Ready to Deploy,,ABC
,,,CIP Tanks *2 (10 KL)-LYE &ACID BULK,CIP_TANKS*2_(10_KL)_LYE__&ACID_BULK,CIP,IDMC,CIPT2_10KL,002327 & 002326,VD-108,Milk Production Dept.,,2011,,Vidya Dairy,Ready to Deploy,,
,,,CIP THE*2 (20 KLPH),CIP_THE*2_(20_KLPH),CIP,N/A,CIPTHE2_20KLPH,N/A,VD-109,Milk Production Dept.,,,,Vidya Dairy,Ready to Deploy,,ABC
,,,Milk Rec. Pump (30 klph),Milk_Rec._Pump(30_klph),Milk Process,Alfa laval,MRP_30KLPH,N/A,VD-110,Milk Production Dept.,,2016,,Vidya Dairy,Ready to Deploy,,ABC
,,,Milk Feed Pump,Milk_Feed_Pump,Milk Process,Alfa laval,MFP,N/A,VD-111,Milk Production Dept.,,2016,,Vidya Dairy,Ready to Deploy,,ABC
,,,Transfer pump (20 klph),Transfer_pump_(20_klph),Milk Process,Zeutech eng.,TP_20KLPH,2279,VD-112,Milk Production Dept.,,2015,,Vidya Dairy,Ready to Deploy,,Zeutech eng.
,,,Cheese milk transfer pump (20 klph),Cheese_milk_transfer_pump(20_klph),Milk Process,Alfa laval,CMTP_20KLPH,1641577/163,VD-113,Milk Production Dept.,,,,Vidya Dairy,Ready to Deploy,,ABC
,,,Booster Pump-MP,Booster_Pump,Milk Process,Alfa laval,BP,N/A,VD-114,Milk Production Dept.,,2016,,Vidya Dairy,Ready to Deploy,,ABC
,,,RMST to balance tank (5 hp),RMST_to_balance_tank(5_hp),Milk Process,Alfa laval,RMSTTBTANK_5HP,183,VD-115,Milk Production Dept.,,,,Vidya Dairy,Ready to Deploy,,ABC
,,,Turbo blender (750 kg/hr),Turbo_blender_(750_kg/hr),Milk Process,FRISTAM,TB_750KG/HR,N/A,VD-116,Milk Production Dept.,,,,Vidya Dairy,Ready to Deploy,,FRISTAM
,,,Self priming pump,self_priming_pump,Milk Process,Fristam,SPP,3522 87 632,VD-117,Milk Production Dept.,,,,Vidya Dairy,Ready to Deploy,,FRISTAM
,,,Shear pump-MP,Shear_pump,Milk Process,Fristam,SP,2578040179,VD-118,Milk Production Dept.,,2019,,Vidya Dairy,Ready to Deploy,,FRISTAM
,,,CST (4 KL),CST_(4_KL),Milk Process,Diya Industries,CST_4KL,N/A,VD-119,Milk Production Dept.,,2014,,Vidya Dairy,Ready to Deploy,,DIYA INDUSTRY
,,,CST (5KL),CST__(5KL),Milk Process,IDMC,CST_5KL,914/6,VD-120,Milk Production Dept.,,1993,,Vidya Dairy,Ready to Deploy,,IDMC
,,,Cream Balance Tank Pump (HP),Cream_balance_tank_pump(3_hp),Milk Process,Alfa laval,CBTP_HP,1641575/145,VD-121,Milk Production Dept.,,2016,,Vidya Dairy,Ready to Deploy,,Tetra pak
,,,Cream PHE,Cream_PHE,Milk Process,Alfa laval,CPHE,30118-78-191,VD-122,Milk Production Dept.,,2016,,Vidya Dairy,Ready to Deploy,,Tetra pak
,,,Milk PHE,Milk_PHE,Milk Process,Alfa laval,MPHE,30118-78-186,VD-123,Milk Production Dept.,,2016,,Vidya Dairy,Ready to Deploy,,Tetra pak
,,,Cut open tank to dumping tank pump,Cut_open_tank_to_dumping_tank_pump,Milk Packaging,IDMC,COTTDTP,N/A,VD-124,Milk Packaging,,,,Vidya Dairy,Ready to Deploy,,
,,,PHE (DUMPING),PHE_(DUMPING),Milk Packaging,IDMC,PHED,HE-53,VD-125,Milk Packaging,,2005,,Vidya Dairy,Ready to Deploy,,
,,,Dumping Tank (10 Kl),Dumping_Tank(10_Kl),Milk Packaging,ABC,DT_10KL,2022/T/021,VD-126,Milk Packaging,,2022,,Vidya Dairy,Ready to Deploy,,ABC
,,,Dumping Tank to balance tank pump (5 HP),Dumping_Tank_to_balance_tank_pump(5_HP),Milk Packaging,Alfa laval,DTTBTP_5HP,1641582/163,VD-127,Milk Packaging,,,,Vidya Dairy,Ready to Deploy,,
,,,Cream Roto pump (I/C),Cream_Roto_pump(i/c),Milk Process,Rotomac,CRP_IC,14097,VD-128,Milk Production Dept.,,,,Vidya Dairy,Ready to Deploy,,
,,,Cream Roto pump (Ghee),Cream_Roto_pump(ghee),Milk Process,Fristam,CRP_GHEE,321 87 024,VD-129,Milk Production Dept.,,1993,,Vidya Dairy,Ready to Deploy,,
,,,CIP Supply Pump (Ckt. A),CIP_Supply_Pump_(Ckt._A),CIP,Zeutech eng.,CIPSPCKTA,N/A,VD-130,Milk Production Dept.,,,,Vidya Dairy,Ready to Deploy,,
,,,CIP Supply Pump (Ckt. B),CIP_Supply_Pump_(Ckt._B),CIP,Zeutech eng.,CIPSPCKTB,N/A,VD-131,Milk Production Dept.,,,,Vidya Dairy,Ready to Deploy,,
,,,CIP Return pump (raw milk silo) 7.5 hp,Cip_Return_pump(raw_milk_silo)_7.5_hp,CIP,Fristam,CIPRPRMS_7.5hp,FZ-20 87 054,VD-132,Milk Production Dept.,,2018,,Vidya Dairy,Ready to Deploy,,
,,,CIP Return pump (PMS),Cip_Return_pump_(PMS),CIP,Fristam,CIPRP_PMS,FZ-20 87 126,VD-133,Milk Production Dept.,,2018,,Vidya Dairy,Ready to Deploy,,
,,,Rechiller,Rechiller,Milk Process,IDMC,RC,914,VD-134,Milk Production Dept.,,1993,,Vidya Dairy,Ready to Deploy,,IDMC
,,,RO Water Chiller,R.O_water_chiller,Milk Process,IDMC,ROWC,1131400693,VD-135,Milk Production Dept.,,2013,,Vidya Dairy,Ready to Deploy,,IDMC
,,,GEA Homogenizer 20 KLPH,GEA_Homogenizer_20_KLPH,Milk Process,Gea,GEAH_20KLPH,Ariete 3110/14605,VD-136,Milk Production Dept.,,2019,,Vidya Dairy,Ready to Deploy,,Gea
,,,Cream Separator 20 klph,Cream_separator_20_klph,Milk Process,Tetra pak,CS_20KLPH,"HMRPX714HCR V-74 ,423552",VD-137,Milk Production Dept.,,2017,,Vidya Dairy,Ready to Deploy,,Tetra pak
,,,Cream Separator 10 klph,Cream_separator_10_klph,Milk Process,Tetra pak,CS_10KLPH,"INF00102727,42106",VD-138,Milk Production Dept.,,1994,,Vidya Dairy,Ready to Deploy,,Tetra pak
,,,Westfalia Separator 10 klph,Westfalia_Separator_10klph,Milk Process,Gea,WS_10KLPH,"MSE 85/01/177 , 1730-616",VD-139,Milk Production Dept.,,2012,,Vidya Dairy,Ready to Deploy,,Gea
,,,CIP Pump (Dumping Tank),Cip_Pump(dumping__tank),Milk Process,IDMC,CIPP_DT,N/A,VD-140,Milk Production Dept.,,,,Vidya Dairy,Ready to Deploy,,
,,,Hot water pump 30klph,Hot_water_pump_30klph,Milk Process,grundfoss,HWP_30KLPH,N/A,VD-141,Milk Production Dept.,,2021,,Vidya Dairy,Ready to Deploy,,grundfoss
,,,Hot water (condensate recovery) 3 klph,hot_water_(condensate_recovery)_3_klph,Milk Process,grundfoss,HWCR_3KLPH,N/A,VD-142,Milk Production Dept.,,,,Vidya Dairy,Ready to Deploy,,
,,,CIP return (HMST),cip_return(HMST),CIP,Fristam,CIPR_HMST,Z 22-87-039,VD-143,Milk Production Dept.,,2008,,Vidya Dairy,Ready to Deploy,,
,,,Packing m/c 1,Packing_m/c_1,Milk Packaging,RMC Packaging pvt. Ltd.,PMC1,"Vip MG 1 HS 10K, VijyPac.",VD-144,Milk Packaging,,,,Vidya Dairy,Ready to Deploy,,
,,,Packing m/c 2,Packing_m/c_2,Milk Packaging,Samarpan,PMC2,Prisn 10000,VD-145,Milk Packaging,,41730,,Vidya Dairy,Ready to Deploy,,
,,,Packing m/c 3,Packing_m/c_3,Milk Packaging,Samarpan,PMC3,"Prisn 10000 , 11252",VD-146,Milk Packaging,,,,Vidya Dairy,Ready to Deploy,,
,,,Packing m/c 4,Packing_m/c_4,Milk Packaging,Samarpan,PMC4,Prisn 10000,VD-147,Milk Packaging,,Dec. 2012,,Vidya Dairy,Ready to Deploy,,
,,,Packing m/c 5,Packing_m/c_5,Milk Packaging,RMC Packaging pvt. Ltd.,PMC5,"VIP mg 5 ,216 SL H15 09",VD-148,Milk Packaging,,2017,,Vidya Dairy,Ready to Deploy,,
,,,Packing m/c 6,Packing_m/c_6,Milk Packaging,RMC Packaging pvt. Ltd.,PMC6,VIP mg 5,VD-149,Milk Packaging,,2020,,Vidya Dairy,Ready to Deploy,,
,,,Packing m/c 7,Packing_m/c_7,Milk Packaging,nichrome,PMC7,"Filmpack Servo 12K Alpha , 1217",VD-150,Milk Packaging,,2023,,Vidya Dairy,Ready to Deploy,,
,,,Crate washer (800-1200/hr.),Crate_washer_(800_1200/hr.),Milk Packaging,Maruti,CW_800-1200HR,N/A,VD-151,Milk Packaging,,,,Vidya Dairy,Ready to Deploy,,
,,,Refri-Compressor 1,KCX 4,Compressor,Kirloskar,RC1,3384K665,VD-152,Engineering Department,,25.04.2012,469757,Vidya Dairy,Ready to Deploy,,Gargi Engineering Enterprises Pvt.Ltd.
,,,Refri-Compressor 2,KCX 6,Compressor,Kirloskar,RC2,3394K1074,VD-153,Engineering Department,,24.07.2013,430883,Vidya Dairy,Ready to Deploy,,KALP MARKETING
,,,Refri-Compressor 3,KCX 6,Compressor,Kirloskar,RC3,3394K388,VD-154,Engineering Department,,21.08.2017,630567,Vidya Dairy,Ready to Deploy,,Arctic Refrigeration Pvt Ltd
,,,Refri-Compressor 4,KCX 3,Compressor,Kirloskar,RC4,3374K1808,VD-155,Engineering Department,,25.04.2012,396880,Vidya Dairy,Ready to Deploy,,Gargi Engineering Enterprises Pvt.Ltd.
,,,Refri-Compressor 5,KCX 3,Compressor,Kirloskar,RC5,3374K697,VD-156,Engineering Department,,24.07.2013,214817,Vidya Dairy,Ready to Deploy,,KALP MARKETING
,,,Refri-Compressor 6,KCX 3,Compressor,Kirloskar,RC6,3374K569,VD-157,Engineering Department,,21.08.2017,987872,Vidya Dairy,Ready to Deploy,,Arctic Refrigeration Pvt Ltd
,,,Falling Film Chiller,Falling_Film_Chiller,PHE Chiller,OMEGA ICE HILL,FFC,FFC-19320,VD-158,Engineering Department,,43755,1475000,Vidya Dairy,Ready to Deploy,,ICE MAKE REFRIGERATION LIMITED
,,,Evaporative Condenser 1,Evaporative_Condenser_1,Condenser,BAC,EC1,P11C205600,VD-159,Engineering Department,,27.03.2012,1206000,Vidya Dairy,Ready to Deploy,,IDMC Limited
,,,Evaporative Condenser 2,Evaporative_Condenser_2,Condenser,BAC,EC2,P11C205598,VD-160,Engineering Department,,27.03.2012,1206000,Vidya Dairy,Ready to Deploy,,IDMC Limited
,,,Evaporative Condenser 3,Evaporative_Condenser_3,Condenser,BAC,EC3,P11C205599,VD-161,Engineering Department,,27.03.2012,1206000,Vidya Dairy,Ready to Deploy,,IDMC Limited
,,,Ammonia Pump FFC 1,CNF40-160,Ammonia Pump,HERMETIC -PUMPS DALIAN CO.LTD,APFFC1,DH66458,VD-162,Engineering Department,,43755,383671,Vidya Dairy,Ready to Deploy,,ICE MAKE REFRIGERATION LIMITED
,,,Ammonia Pump FFC 2,CNF40-161,Ammonia Pump,HERMETIC -PUMPS DALIAN CO.LTD,APFFC2,DH66459,VD-163,Engineering Department,,43755,383671,Vidya Dairy,Ready to Deploy,,ICE MAKE REFRIGERATION LIMITED
,,,Ammonia Pump FFC 3,CNF40-162,Ammonia Pump,HERMETIC -PUMPS DALIAN CO.LTD,APFFC3,DH66457,VD-164,Engineering Department,,43755,383671,Vidya Dairy,Ready to Deploy,,ICE MAKE REFRIGERATION LIMITED
,,,Main Ammonia Pump 1,Main_Ammonia_Pump_1,Ammonia Pump,HYDRODYNE,MAP1,N/A,VD-165,Engineering Department,,,,Vidya Dairy,Ready to Deploy,,
,,,Main Ammonia Pump 2,HR32-200/37H2/DB,Ammonia Pump,HYDRODYNE,MAP2,21987,VD-166,Engineering Department,,,,Vidya Dairy,Ready to Deploy,,
,,,Chilled Water Pump 1,A96568134P10947,Pump,GRUNDFOSS,CWP1,4,VD-167,Engineering Department,,,,Vidya Dairy,Ready to Deploy,,Jay Pumps Pvt. Ltd.
,,,Chilled Water Pump 2,A96568134P10947,Pump,GRUNDFOSS,CWP2,7,VD-168,Engineering Department,,,,Vidya Dairy,Ready to Deploy,,Jay Pumps Pvt. Ltd.
,,,Chilled Water Pump 3,A96568587P11327,Pump,GRUNDFOSS,CWP3,1,VD-169,Engineering Department,,09.01.2014,56773,Vidya Dairy,Ready to Deploy,,Jay Pumps Pvt. Ltd.
,,,Chilled Water Pump 4,B98640653P11712,Pump,GRUNDFOSS,CWP4,1,VD-170,Engineering Department,,09.01.2014,56773,Vidya Dairy,Ready to Deploy,,Jay Pumps Pvt. Ltd.
,,,Chilled Water Pump 5,A96568134P10947,Pump,GRUNDFOSS,CWP5,3,VD-171,Engineering Department,,21.02.2017,122352.28,Vidya Dairy,Ready to Deploy,,Nirmal Energy Ltd
,,,HP Receiver 1,Hp_Receiver_1,Ammonia Receiver,Industrial Engineering,HPR1,N/A,VD-172,Engineering Department,,23.10.2015,370388,Vidya Dairy,Ready to Deploy,,Industrial Engineering
,,,HP Receiver 2,Hp_Receiver_2,Ammonia Receiver,IRON BUILD,HPR2,N/A,VD-173,Engineering Department,,,,Vidya Dairy,Ready to Deploy,,IRON BUILD
,,,Boiler 1 (Gt11108),Boiler_1_(Gt11108),Boiler,Energypack Boilers Pvt Ltd,B1_GT11108,N/A,VD-174,Engineering Department,,22.11.2019,2206600,Vidya Dairy,Ready to Deploy,,Energypack Boilers Pvt Ltd
,,,Boiler 2 (Gt 3207),Boiler_2_(Gt_3207),Boiler,FORBES MARSHALL,B2_GT3207,N/A,VD-175,Engineering Department,,,,Vidya Dairy,Ready to Deploy,,
,,,LDO Supply Pump 1,R50SL(H)SJ,Pump,TUSHACO,LDOSP1,1816833-0721,VD-176,Engineering Department,,22.11.2019,88500,Vidya Dairy,Ready to Deploy,,Energypack Boilers Pvt Ltd
,,,LDO Supply Pump 2,R50SL(H)SJ,Pump,TUSHACO,LDOSP2,1816833-0720,VD-177,Engineering Department,,22.11.2019,88500,Vidya Dairy,Ready to Deploy,,Energypack Boilers Pvt Ltd
,,,Feed Water Pump 1 (Gt11108),A96570891P11421,Pump,GRUNDFOSS,FWP1_GT1108,N/A,VD-178,Engineering Department,,22.11.2019,118000,Vidya Dairy,Ready to Deploy,,Energypack Boilers Pvt Ltd
,,,Feed Water Pump 2 (Gt11108),PN-SNA-96861355-10000003,Pump,GRUNDFOSS,FWP2_GT1108,N/A,VD-179,Engineering Department,,22.11.2019,118000,Vidya Dairy,Ready to Deploy,,Energypack Boilers Pvt Ltd
,,,Feed Water Pump 1 (Gt3207),PN-SNA-96516691-10000005,Pump,GRUNDFOSS,FWP1_GT3207,N/A,VD-180,Engineering Department,,23.05.2014,80789,Vidya Dairy,Ready to Deploy,,Jay Pumps Pvt. Ltd.
,,,Feed Water Pump 2 (Gt3207),Feed_Water_Pump_2_(Gt3207),Pump,N/A,FWP2_GT3207,N/A,VD-181,Engineering Department,,,,Vidya Dairy,Ready to Deploy,,
,,,R.O. Plant,R.O. Plant,R.O. Plant,N/A,ROP1,N/A,VD-182,Engineering Department,,,,Vidya Dairy,Ready to Deploy,,
,,,Softning Plant 1,X-AT-SS,Softening Plant,INDIAN ION EXCHANGE,SP1,N/A,VD-183,Engineering Department,,31.03.2012,533715,Vidya Dairy,Ready to Deploy,,NDIAN ION EXCHANGE
,,,Softning Plant 2,X-AT-SS,Softening Plant,Indian Ion Exchange & Chemical,SP2,N/A,VD-184,Engineering Department,,14.04.2012,533715,Vidya Dairy,Ready to Deploy,,NDIAN ION EXCHANGE
,,,LDO Tank 35 Kl,Ldo_Tank_35_Kl,LDO Tank,N/A,LDOT_35KL,N/A,VD-185,Engineering Department,,,,Vidya Dairy,Ready to Deploy,,
,,,Feed Water Tank 5 Kl,Feed_Water_Tank__5_Kl,Feed Water,Energypack Boilers Pvt Ltd,FWT_5KL,EBPL0838,VD-186,Engineering Department,,22.11.2019,442500,Vidya Dairy,Ready to Deploy,,Energypack Boilers Pvt Ltd
,,,Roto Pump 1,RLCB591R7CA1M,RTO Pump,ROTO PUMPS LTD,RTOP1,GH161623,VD-187,Engineering Department,,,,Vidya Dairy,Ready to Deploy,,ROTO PUMPS LTD
,,,Roto Pump 2,RLCB591R7CA1M,RTO Pump,ROTO PUMPS LTD,RTOP2,GH161622,VD-188,Engineering Department,,,,Vidya Dairy,Ready to Deploy,,ROTO PUMPS LTD
,,,Air Blower 1,UGRK-140,Air Blower,USHA COMPRESSORS PVT. LTD.,AB1,18190339,VD-189,Engineering Department,,11.05.2018,76818,Vidya Dairy,Ready to Deploy,,USHA COMPRESSORS PVT. LTD.
,,,Air Blower 2,UGRK-140,Air Blower,USHA COMPRESSORS PVT. LTD.,AB2,20210688,VD-190,Engineering Department,,30.10.2020,80535,Vidya Dairy,Ready to Deploy,,USHA COMPRESSORS PVT. LTD.
,,,Stoke Pump 1,WTS-11-4,Pump,Water-Tech Engineers,SP1,N/A,VD-191,Engineering Department,,29.08.2018,23331,Vidya Dairy,Ready to Deploy,,Water-Tech Engineers
,,,Stoke Pump 2,WTS-11-4,Pump,Water-Tech Engineers,SP2,200517,VD-192,Engineering Department,,29.08.2018,23331,Vidya Dairy,Ready to Deploy,,Water-Tech Engineers
,,,Aeration Gear Box 1,SNU,Surface Aerator,Elecon Engineering Co Ltd,AGB1,1077469,VD-193,Engineering Department,,11.02.2016,124451,Vidya Dairy,Ready to Deploy,,Elecon Engineering Co Ltd
,,,Aeration Gear Box 2,SNU,Surface Aerator,Elecon Engineering Co Ltd,AGB2,669598,VD-194,Engineering Department,,09.12.2021,194464,Vidya Dairy,Ready to Deploy,,Elecon Engineering Co Ltd
,,,Aeration Gear Box 3,SNU,Surface Aerator,Elecon Engineering Co Ltd,AGB3,1242171,VD-195,Engineering Department,,15.11.2021,109386,Vidya Dairy,Ready to Deploy,,Elecon Engineering Co Ltd
,,,Air Compressor 1,ZT37VSDFF,Air Compressor,Atlas Copco India Limited,AC1,API787348,VD-196,Engineering Department,,21.08.2017,6178106,Vidya Dairy,Ready to Deploy,,Arctic Refrigeration Pvt Ltd
,,,Air Compressor 2,ZT37VSDFF,Air Compressor,Atlas Copco India Limited,AC2,API739570,VD-197,Engineering Department,,25.04.2012,1946965,Vidya Dairy,Ready to Deploy,,Atlas Copco Airpower Nv
,,,Transformer 1 (1000 Kva),Transformer_1_(1000_Kva),Transformer,CG Power and Industrial,TF1_1000KVA,DT6000,VD-198,Engineering Department,,30.11.2017,1864400,Vidya Dairy,Ready to Deploy,,CG Power and Industrial
,,,Transformer 2 (1250 Kva),Transformer_2_(1250_Kva),Transformer,Voltamp Transformers Limited,TF2_1250KVA,65019/1,VD-199,Engineering Department,,02.09.2021,3068000,Vidya Dairy,Ready to Deploy,,Voltamp Transformers Limited
,,,Air Circuit Breaker 1600 Amp (Incomer-2),CN-CS-1600 H,Air Circuit Breaker,L&T,ACB1600AMP,MY623605,VD-200,Engineering Department,,03.11.2015,158340,Vidya Dairy,Ready to Deploy,,Proline Engineers
,,,Air Circuit Breaker 1000 Amp (Incomer-1),CN-CS-1000 H,Air Circuit Breaker,L&T,ACB1000AMP,CX567843,VD-201,Engineering Department,,23.05.2014,124653,Vidya Dairy,Ready to Deploy,,G.C.SHAH & COMPANY
,,,Air Circuit Breaker 800 Amp (Refri-Refri),CN-CS-800,Air Circuit Breaker,N/A,ACB800AMP,GV95956,VD-202,Engineering Department,,,,Vidya Dairy,Ready to Deploy,,
,,,Air Circuit Breaker 2000 Amp- Amf Panel,UW1-12N,Air Circuit Breaker,L&T,ACB2000AMP,LR717309U,VD-203,Engineering Department,,17.11.2018,188995,Vidya Dairy,Ready to Deploy,,Kaydee Trading Company
,,,Air Circuit Breaker 1000 Amp- Amf Panel,CN-CS-1000 S1,Air Circuit Breaker,L&T,ACB1000AMP,KX-587298,VD-204,Engineering Department,,05.03.2015,415000,Vidya Dairy,Ready to Deploy,,Sujal Enterprise
,,,Air Circuit Breaker 1250 Amp (Ice-Cream/S.S),UW1-12N,Air Circuit Breaker,L&T,ACB1250AMPICSS,HQ676799U,VD-205,Engineering Department,,12.10.2017,491463,Vidya Dairy,Ready to Deploy,,Bharat Engineers
,,,Air Circuit Breaker 1250 Amp (Ice-Cream),UW1-12N,Air Circuit Breaker,L&T,ACB1250AMPIC,HQ676804U,VD-206,Engineering Department,,12.10.2017,221958,Vidya Dairy,Ready to Deploy,,Bharat Engineers
,,,Vaccum Circuit Breaker 1 L & T (Incoming Feeder),VK 10J25H,Vaccum Circuit Breaker,L&T,BCB1IF,D-2013-11,VD-207,Engineering Department,,26.02.2013,233596,Vidya Dairy,Ready to Deploy,,Kaydee Trading Company
,,,Vaccum Circuit Breaker 2 L & T (Outgoing Feeder-1),VK 10J25H,Vaccum Circuit Breaker,L&T,BCB2OF,D-2013-12,VD-208,Engineering Department,,26.02.2013,233596,Vidya Dairy,Ready to Deploy,,Kaydee Trading Company
,,,Vaccum Circuit Breaker 3 Jyoti (Outgoing Feeder-1),VK 10J25,Vaccum Circuit Breaker,JYOTI,BCB3J,B-10975,VD-209,Engineering Department,,,,Vidya Dairy,Ready to Deploy,,
,,,Hydro Pump 1,A96568600P11127,Pump,GRUNDFOSS,HP1,N/A,VD-210,Engineering Department,,08.10.2011,,Vidya Dairy,Ready to Deploy,,Jay Pumps Pvt. Ltd.
,,,Hydro Pump 2,A96568600P11127,Pump,GRUNDFOSS,HP2,N/A,VD-211,Engineering Department,,08.10.2011,,Vidya Dairy,Ready to Deploy,,Jay Pumps Pvt. Ltd.
,,,Hydro Pump 3,PN-SNA-96946893-10000011,Pump,GRUNDFOSS,HP3,N/A,VD-212,Engineering Department,,08.10.2011,,Vidya Dairy,Ready to Deploy,,Jay Pumps Pvt. Ltd.
,,,Borewell 1,Borewell_1,Pump,ROTEC,B1,N/A,VD-213,Engineering Department,,20.08.2020,30000,Vidya Dairy,Ready to Deploy,,Shakti Industries
,,,Borewell 2,Borewell_2,Pump,N/A,B2,N/A,VD-214,Engineering Department,,,,Vidya Dairy,Ready to Deploy,,
,,,D G Set 500 Kva,SGL-500 KVA,D G Set,L&T,DGSET,25407577,VD-215,Engineering Department,,05.03.2015,2894602,Vidya Dairy,Ready to Deploy,,Sujal Enterprise
,,,Air Circuit Breaker 1000 AMP (REFRI-REFRI),CN-CS-1000,Air Circuit Breaker,L&T,ACB1000AMP,KV98242,VD-216,Engineering Department,,,,Vidya Dairy,Ready to Deploy,,
,,,Cream Storage Tank-1 (6kl),Cream_Storage_Tank_1_(6kl),Ice Cream Process,Magnam Netlink Pvt. Ltd.,CST1_6KL,T003/38,VD-217,Ice-Cream Mix,,,,Vidya Dairy,Ready to Deploy,,
,,,Cream Storage Tank-2 (6kl),Cream_Storage_Tank_2_(6kl),Ice Cream Process,Magnam Netlink Pvt. Ltd.,CST2_6KL,T002/38,VD-218,Ice-Cream Mix,,,,Vidya Dairy,Ready to Deploy,,
,,,Hot Water Bath for Cans,Hot_Water_Bath_For_Cans,Ice Cream Process,Magnam Netlink Pvt. Ltd.,HWBFC,T016/38,VD-219,Ice-Cream Mix,,,,Vidya Dairy,Ready to Deploy,,
,,,Mix Preparation Tank-1 (5kl),Mix_Preparation_Tank_1_(5kl),Ice Cream Process,Magnam Netlink Pvt. Ltd.,MPT1_5KL,T005/38,VD-220,Ice-Cream Mix,,,,Vidya Dairy,Ready to Deploy,,
,,,Mix Preparation Tank-2 (5kl),Mix_Preparation_Tank_2_(5kl),Ice Cream Process,Magnam Netlink Pvt. Ltd.,MPT2_5KL,T004/38,VD-221,Ice-Cream Mix,,,,Vidya Dairy,Ready to Deploy,,
,,,THE Mix Preparation,K1180(2P),Ice Cream Process,HRS International Ltd.,324/19-1500-304/316,H17200/A12446,VD-222,Ice-Cream Mix,,,,Vidya Dairy,Ready to Deploy,,
,,,SOPT,SOPT,Ice Cream Process,Forbes marshall,SOPT,RJ17033,VD-223,Ice-Cream Mix,,,,Vidya Dairy,Ready to Deploy,,
,,,Turbo Blander-ICM,FZE-22PM,Ice Cream Process,Fristam Pump India Pvt.,TB,2287281,VD-224,Ice-Cream Mix,,,,Vidya Dairy,Ready to Deploy,,
,,,PHE-ICM,PHE,Ice Cream Process,Alfa Laval,PHE,30119-60-254,VD-225,Ice-Cream Mix,,,,Vidya Dairy,Ready to Deploy,,
,,,PHE (5kl),PHE_(5kl),Ice Cream Process,Alfa Laval,PHE_5KL,30119-60-255,VD-226,Ice-Cream Mix,,,,Vidya Dairy,Ready to Deploy,,
,,,Homogenizer (5kl),Tetra200,Ice Cream Process,Tetra Pak,HR_5KL,5870517067,VD-227,Ice-Cream Mix,,,,Vidya Dairy,Ready to Deploy,,
,,,Butter Melting Vat (1kl),Butter_Melting_Vat_(1kl),Ice Cream Process,Magnam Netlink Pvt. Ltd.,BMV_1KL,T025/38,VD-228,Ice-Cream Mix,,,,Vidya Dairy,Ready to Deploy,,
,,,Rinse Milk Recovery Tank (1kl),Rinse_Milk_Recovery_Tank_(1kl),Ice Cream Process,Magnam Netlink Pvt. Ltd.,RMRT_1KL,T014/38,VD-229,Ice-Cream Mix,,,,Vidya Dairy,Ready to Deploy,,
,,,Chocolate Preparation Tank,Chocolate_Preparation_Tank,Ice Cream Process,Magnam Netlink Pvt. Ltd.,CPT,T013/38,VD-230,Ice-Cream Mix,,,,Vidya Dairy,Ready to Deploy,,
,,,Cheddar Cheese Cutting Machine,Cheddar_Cheese_Cutting_Machine,Ice Cream Process,Diya Industries,CCCM,16050701,VD-231,Ice-Cream Mix,,,,Vidya Dairy,Ready to Deploy,,
,,,Mix Ageing Tank-1 (10kl),Mix_Ageing_Tank_1_(10kl),Ice Cream Process,Magnam Netlink Pvt. Ltd.,MAT1_10KL,T008/38,VD-232,Ice-Cream Mix,,,,Vidya Dairy,Ready to Deploy,,
,,,Mix Ageing Tank-2 (5kl),Mix_Ageing_Tank_2_(5kl),Ice Cream Process,Magnam Netlink Pvt. Ltd.,MAT2_5KL,T007/38,VD-233,Ice-Cream Mix,,,,Vidya Dairy,Ready to Deploy,,
,,,Mix Ageing Tank-3 (5kl),Mix_Ageing_Tank_3_(5kl),Ice Cream Process,Magnam Netlink Pvt. Ltd.,MAT3_5KL,T006/38,VD-234,Ice-Cream Mix,,,,Vidya Dairy,Ready to Deploy,,
,,,BMC (2kl),BCTOH,Ice Cream Process,ISF Industries,BMC_2KL,2KL-746,VD-235,Ice-Cream Mix,,,,Vidya Dairy,Ready to Deploy,,
,,,PHE (Basundi Chiller),I-15,Ice Cream Process,IDMC,PHE_BC,E22-000000586,VD-236,Ice-Cream Mix,,,,Vidya Dairy,Ready to Deploy,,
,,,PHE ( I/C Chiller),PHE_(_I/C_Chiller),Ice Cream Process,IDMC,PHE_ICC,914/17,VD-237,Ice-Cream Mix,,,,Vidya Dairy,Ready to Deploy,,
,,,Homogenizer (Basundi),H-2002,Ice Cream Process,Goma Engineers Pvt. Ltd.,HR_B,208150851,VD-238,Ice-Cream Mix,,,,Vidya Dairy,Ready to Deploy,,
,,,Basundi Vat (1kl),Basundi_Vat_(1kl),Ice Cream Process,N/A,BV_1KL,N/A,VD-239,Ice-Cream Mix,,,,Vidya Dairy,Ready to Deploy,,
,,,PHE (2kl),PHE_(2kl),Ice Cream Process,IDMC,PHE_2KL,PR/1381,VD-240,Ice-Cream Mix,,,,Vidya Dairy,Ready to Deploy,,
,,,PHE Chiller (2kl),PHE_Chiller_(2kl),Ice Cream Process,IDMC,PHEC_2KL,PR/1380,VD-241,Ice-Cream Mix,,,,Vidya Dairy,Ready to Deploy,,
,,,Mix Preparation Tank (2kl),Mix_Preparation_Tank_(2kl),Ice Cream Process,IDMC,MPT_2KL,08/09/PR/000082,VD-242,Ice-Cream Mix,,,,Vidya Dairy,Ready to Deploy,,
,,,Hot Water Pump-ICM,Hot_Water_Pump,Ice Cream Process,Fristam Pump India Pvt.,FP-722/A/3HP,221873597,VD-243,Ice-Cream Mix,,,,Vidya Dairy,Ready to Deploy,,
,,,Feed Pump-ICM,Feed_Pump_,Ice Cream Process,Fristam Pump India Pvt.,FP-722/A/5HP,424020033,VD-244,Ice-Cream Mix,,,,Vidya Dairy,Ready to Deploy,,
,,,Booster Pump-ICM,Booster_Pump,Ice Cream Process,Fristam Pump India Pvt.,FP-722/A/3.7kw,2424051493,VD-245,Ice-Cream Mix,,,,Vidya Dairy,Ready to Deploy,,
,,,Shear Pump-ICM,Shear_Pump,Ice Cream Process,Fristam Pump India Pvt.,FHPE/3542/A/18.5kw,2575040016,VD-246,Ice-Cream Mix,,,,Vidya Dairy,Ready to Deploy,,
,,,Transfer Pump,Transfer_Pump,Ice Cream Process,Fristam Pump India Pvt.,FP-722/A/5.5kw,2424062140,VD-247,Ice-Cream Mix,,,,Vidya Dairy,Ready to Deploy,,
,,,Hot Water Circulation Pump,Hot_Water_Circulation_Pump,Ice Cream Process,Fristam Pump India Pvt.,FP-3542/A/10HP,448020001,VD-248,Ice-Cream Mix,,,,Vidya Dairy,Ready to Deploy,,
,,,Mix Transfer Pump (FP-722/A/5HP),Mix_Transfer_Pump,Ice Cream Process,Fristam Pump India Pvt.,FP-722/A/5HP,221873662,VD-249,Ice-Cream Mix,,,,Vidya Dairy,Ready to Deploy,,
,,,CIP Return Pump-ICM,CIP_Return_Pump,Ice Cream Process,Fristam Pump India Pvt.,FZE20/A/7.5HP,XZE-2087085,VD-250,Ice-Cream Mix,,,,Vidya Dairy,Ready to Deploy,,
,,,Cream transfer Pump-ICM,Cream_transfer_Pump,Ice Cream Process,Roto Make,CTP,14098,VD-251,Ice-Cream Mix,,,,Vidya Dairy,Ready to Deploy,,
,,,Butter Transfer Pump-ICM,Butter_Transfer_Pump,Ice Cream Process,Roto Make,BTP,14108,VD-252,Ice-Cream Mix,,,,Vidya Dairy,Ready to Deploy,,
,,,Rinse Milk Transfer Pump,Rinse_Milk_Transfer_Pump,Ice Cream Process,Fristam Pump India Pvt.,FP-722/A/2HP,221873663,VD-253,Ice-Cream Mix,,,,Vidya Dairy,Ready to Deploy,,
,,,Chocolate Transfer Pump,Chocolate_Transfer_Pump,Ice Cream Process,Fristam Pump India Pvt.,FL-55L,682600044,VD-254,Ice-Cream Mix,,,,Vidya Dairy,Ready to Deploy,,
,,,CIP Returnt Pump (Cream),CIP_Returnt_Pump_(Cream),Ice Cream Process,Fristam Pump India Pvt.,FZE-20/A/7.5HP,FZE208708,VD-255,Ice-Cream Mix,,,,Vidya Dairy,Ready to Deploy,,
,,,Mix Transfer Pump (FP-722/A/2.2kw),Mix_Transfer_Pump,Ice Cream Process,Fristam Pump India Pvt.,FP-722/A/2.2kw,2424051494,VD-256,Ice-Cream Mix,,,,Vidya Dairy,Ready to Deploy,,
,,,Flavour Mixing Tank-1 (1kl),Flavour_Mixing_Tank_1_(1kl),Ice Cream Process,Magnam Netlink Pvt. Ltd.,FMT1_1KL,T011/38,VD-257,Flavour Mix Section,,,,Vidya Dairy,Ready to Deploy,,
,,,Flavour Mixing Tank-2 (1kl),Flavour_Mixing_Tank_2_(1kl),Ice Cream Process,Magnam Netlink Pvt. Ltd.,FMT2_1KL,T010/38,VD-258,Flavour Mix Section,,,,Vidya Dairy,Ready to Deploy,,
,,,Flavour Mixing Tank-3 (2kl),Flavour_Mixing_Tank_3_(2kl),Ice Cream Process,Diya Industries,FMT3_2KL,N/A,VD-259,Flavour Mix Section,,,,Vidya Dairy,Ready to Deploy,,
,,,Flavour Mixing Tank-4 (2kl),Flavour_Mixing_Tank_4_(2kl),Ice Cream Process,Roka Industries,FMT4_2KL,28102,VD-260,Flavour Mix Section,,,,Vidya Dairy,Ready to Deploy,,
,,,Flavour Mixing Tank-5 (5kl),Flavour_Mixing_Tank_5_(5kl),Ice Cream Process,IDMC,FMT5_5KL,52011415041A,VD-261,Flavour Mix Section,,,,Vidya Dairy,Ready to Deploy,,
,,,CIP Return Pump-FMS,CIP_Return_Pump,Ice Cream Process,Fristam Pump India Pvt.,FZE-20/A/7.5HP,FZE2087084,VD-262,Flavour Mix Section,,,,Vidya Dairy,Ready to Deploy,,
,,,PHE-ICP,PHE,Ice Cream Process,Alfa Laval,PHE,30119-50-253-MBMRM,VD-263,I/C Production,,,,Vidya Dairy,Ready to Deploy,,
,,,I/C Reworking Tank,I/C_Reworking_Tank,Ice Cream Process,Magnam Netlink Pvt. Ltd.,ICRT,T012/38,VD-264,I/C Production,,,,Vidya Dairy,Ready to Deploy,,
,,,Chocolate Slurry Tank (1kl),Chocolate_Slurry_Tank_(1kl),Ice Cream Process,Diya Industries,CST_1KL,N/A,VD-265,I/C Production,,,,Vidya Dairy,Ready to Deploy,,
,,,PHE Chiller (7kl),PHE_Chiller_(7kl),Ice Cream Process,IDMC,PHEC_7KL,914/32,VD-266,I/C Production,,,,Vidya Dairy,Ready to Deploy,,
,,,Chilled Water Tank-ICP,Chilled_Water_Tank,Ice Cream Process,N/A,CWT,N/A,VD-267,I/C Production,,,,Vidya Dairy,Ready to Deploy,,
,,,CIP Return Tank 200L,CIP_Return_Tank_200L,Ice Cream Process,Synthesis EPC Project,CIPRT200L,T010,VD-268,I/C Production,,,,Vidya Dairy,Ready to Deploy,,
,,,CIP Trolley 150L,CIP_Trolley_150L,Ice Cream Process,R.P.M. Engineer,CIPT150L,328,VD-269,I/C Production,,,,Vidya Dairy,Ready to Deploy,,
,,,Flavour Mixing Tank 300L,Flavour_Mixing_Tank_300L,Ice Cream Process,IDMC,FMT300L,914/4,VD-270,I/C Production,,,,Vidya Dairy,Ready to Deploy,,
,,,Mobile CIP Unit,Mobile_CIP_Unit_,Ice Cream Process,IDMC,MCIPU,07-08/FL/000/163,VD-271,I/C Production,,,,Vidya Dairy,Ready to Deploy,,
,,,Ice-cream Freezer-1,GDF600,Ice Cream Process,"Gram Equipment, Denmark",ICF1,84016121913,VD-272,I/C Production,,,,Vidya Dairy,Ready to Deploy,,
,,,Ice-cream Freezer-2,GDF600,Ice Cream Process,"Gram Equipment, Denmark",ICF2,84016121713,VD-273,I/C Production,,,,Vidya Dairy,Ready to Deploy,,
,,,Ice-cream Freezer-3,GDF600,Ice Cream Process,"Gram Equipment, Denmark",ICF3,84016121813,VD-274,I/C Production,,,,Vidya Dairy,Ready to Deploy,,
,,,Ice-cream Freezer-4,Ice_cream_Freezer_4,Ice Cream Process,IDMC,ICF4,N/A,VD-275,I/C Production,,,,Vidya Dairy,Ready to Deploy,,
,,,Ice-cream Freezer-5,SF300,Ice Cream Process,Tetra Pak,ICF5,2132/2016,VD-276,I/C Production,,,,Vidya Dairy,Ready to Deploy,,
,,,Ice-cream Freezer-6,SF600,Ice Cream Process,Tetra Pak,ICF6,2136/1128,VD-277,I/C Production,,,,Vidya Dairy,Ready to Deploy,,
,,,Ice-cream Freezer-7,KEL-6,Ice Cream Process,Catta,ICF7,46140143501,VD-278,I/C Production,,,,Vidya Dairy,Ready to Deploy,,
,,,Fruit Feeder-1,IFF100TO,Ice Cream Process,PWS Engineer Pvt. Ltd.,FF1,14/0910,VD-279,I/C Production,,,,Vidya Dairy,Ready to Deploy,,
,,,Fruit Feeder-2,IFF100,Ice Cream Process,IDMC,FF2,05/0708,VD-280,I/C Production,,,,Vidya Dairy,Ready to Deploy,,
,,,Fruit Feeder-3,FF120PLC,Ice Cream Process,PWS Engineer Pvt. Ltd.,FF3,18000006801,VD-281,I/C Production,,,,Vidya Dairy,Ready to Deploy,,
,,,Fruit Feeder-4,IFF600,Ice Cream Process,PWS Engineer Pvt. Ltd.,FF4,34/1314,VD-282,I/C Production,,,,Vidya Dairy,Ready to Deploy,,
,,,Cup Filler-1,SRF01,Ice Cream Process,IDMC,CF1,DA8000002692,VD-283,I/C Production,,,,Vidya Dairy,Ready to Deploy,,
,,,Cup Filler-2,10-60P,Ice Cream Process,PWS Engineer Pvt. Ltd.,CF2,33/13A,VD-284,I/C Production,,,,Vidya Dairy,Ready to Deploy,,
,,,Cup Filler-3,IC-4P,Ice Cream Process,PWS Engineer Pvt. Ltd.,CF3,28/0910,VD-285,I/C Production,,,,Vidya Dairy,Ready to Deploy,,
,,,Cup Filler-4,Cup_Filler_4,Ice Cream Process,ABC,CF4,N/A,VD-286,I/C Production,,,,Vidya Dairy,Ready to Deploy,,
,,,Metal Detector-1,MD-011,Ice Cream Process,Das Electronics Work Pvt.,MD1,2018090643,VD-287,I/C Production,,,,Vidya Dairy,Ready to Deploy,,
,,,Metal Detector-2,MD-011,Ice Cream Process,Das Electronics Work Pvt.,MD2,2018090642,VD-288,I/C Production,,,,Vidya Dairy,Ready to Deploy,,
,,,Metal Detector-3,Metal_Detector_3,Ice Cream Process,Das Electronics Work Pvt.,MD3,N/A,VD-289,I/C Production,,,,Vidya Dairy,Ready to Deploy,,
,,,Metal Detector-4,Metal_Detector_4,Ice Cream Process,Das Electronics Work Pvt.,MD4,N/A,VD-290,I/C Production,,,,Vidya Dairy,Ready to Deploy,,
,,,Metal Detector-5,AMD-01,Ice Cream Process,Das Electronics Work Pvt.,MD5,2022031198,VD-291,I/C Production,,,,Vidya Dairy,Ready to Deploy,,
,,,Metal Detector-6,Metal_Detector_6,Ice Cream Process,Das Electronics Work Pvt.,MD6,N/A,VD-292,I/C Production,,,,Vidya Dairy,Ready to Deploy,,
,,,Metal Detector-7,Metal_Detector_7,Ice Cream Process,Das Electronics Work Pvt.,MD7,N/A,VD-293,I/C Production,,,,Vidya Dairy,Ready to Deploy,,
,,,Cassatta Cutter,Cassatta_Cutter,Ice Cream Process,Deeon Engineers,CC,N/A,VD-294,I/C Production,,,,Vidya Dairy,Ready to Deploy,,
,,,Extrusion Line,Extrusion_Line,Ice Cream Process,Vojta Ice-cream Equipment,EL,N/A,VD-295,I/C Production,,,,Vidya Dairy,Ready to Deploy,,
,,,Hardening Tunnel,Hardening_Tunnel_,Ice Cream Process,Vojta Ice-cream Equipment,HT,N/A,VD-296,I/C Production,,,,Vidya Dairy,Ready to Deploy,,
,,,Chilled Water Circulation Pump,Chilled_Water_Circulation_Pump,Ice Cream Process,Fristam Pump India Pvt.,FP-722/A13HP,424020021,VD-297,I/C Production,,,,Vidya Dairy,Ready to Deploy,,
,,,Chilled Water Monoblock Pump,Chilled_Water_Monoblock_Pump,Ice Cream Process,Grundfos,A9A640239P11451,1,VD-298,I/C Production,,,,Vidya Dairy,Ready to Deploy,,
,,,Chilled Water Supply System,Chilled_Water_Supply_System,Ice Cream Process,ABC,CWSS,N/A,VD-299,I/C Production,,,,Vidya Dairy,Ready to Deploy,,
,,,FRP Cooling Tower (3861),15-2E0,Ice Cream Process,Paharpur Cooling Tower,3861,3800,VD-300,Terace,,,,Vidya Dairy,Ready to Deploy,,
,,,FRP Cooling Tower (3853),FRP_Cooling_Tower,Ice Cream Process,Paharpur Cooling Tower,3853,17-2E0193,VD-301,Terace,,,,Vidya Dairy,Ready to Deploy,,
,,,Monoblock Pump (96122798P21925),Monoblock_Pump_,Ice Cream Process,Grundfos,96122798P21925,3,VD-302,Terace,,,,Vidya Dairy,Ready to Deploy,,
,,,Centrifugal Pump (EPN065-040-125VGSCP)-2,Centrifugal_Pump,Ice Cream Process,KSP Pump,EPN065-040-125VGSCP,9973526100/0400/02,VD-303,Terace,,,,Vidya Dairy,Ready to Deploy,,
,,,Centrifugal Pump (EPN065-040-125VGSCP)-4,Centrifugal_Pump,Ice Cream Process,KSP Pump,EPN065-040-125VGSCP,9973526100/0400/04,VD-304,Terace,,,,Vidya Dairy,Ready to Deploy,,
,,,Monoblock Pump (A9656857010P10951)-4,Monoblock_Pump_,Ice Cream Process,Grundfos,A9656857010P10951,4,VD-305,Terace,,,,Vidya Dairy,Ready to Deploy,,
,,,Monoblock Pump (A9656857010P10951)-2,Monoblock_Pump_,Ice Cream Process,Grundfos,A9656857010P10951,2,VD-306,Terace,,,,Vidya Dairy,Ready to Deploy,,
,,,Nut Roaster,Nut_Roaster,Ice Cream Process,S.R.R.D. Engineer,NR,N/A,VD-307,I/C Store,,,,Vidya Dairy,Ready to Deploy,,
,,,Metal Detector-8,Metal_Detector_8,Ice Cream Process,Das Electronics Work Pvt.,MD-011,2019010646,VD-308,I/C Store,,,,Vidya Dairy,Ready to Deploy,,
,,,Refri-Unit For Hardening Tunnel,Refri_Unit_For_Hardening_Tunnel,Ice Cream Process,Britzer,UMH HSN 746-70,7561116,VD-309,Terace,,,,Vidya Dairy,Ready to Deploy,,
,,,Refri-Compressor Unit-1,Refri_Compressor_Unit,Ice Cream Process,Britzer,LH135E/56J-16.2Y-40P,1692500015,VD-310,Terace,,,,Vidya Dairy,Ready to Deploy,,
,,,Refri-Compressor Unit-2,Refri_Compressor_Unit,Ice Cream Process,Britzer,LH44E/2GES-2Y-40S,1692500010,VD-311,Terace,,,,Vidya Dairy,Ready to Deploy,,
,,,Refri-Compressor Unit-3,Refri_Compressor_Unit,Ice Cream Process,Britzer,LH44E/2GES-2Y-40S,169250008,VD-312,Terace,,,,Vidya Dairy,Ready to Deploy,,
,,,Refri-Compressor Unit-4,Refri_Compressor_Unit,Ice Cream Process,Britzer,F302H,1192401227,VD-313,Terace,,,,Vidya Dairy,Ready to Deploy,,
,,,Refri-Compressor Unit-5,Refri_Compressor_Unit,Ice Cream Process,Britzer,F302H,1192401231,VD-314,Terace,,,,Vidya Dairy,Ready to Deploy,,
,,,Refri-Compressor Unit-6,Refri_Compressor_Unit,Ice Cream Process,Britzer,LH104E/S4N-8.2Y-40P,1692411725,VD-315,Terace,,,,Vidya Dairy,Ready to Deploy,,
,,,Refri-Compressor Unit-7,Refri_Compressor_Unit,Ice Cream Process,Britzer,LH104E/S4N-8.2Y-40P,1692411735,VD-316,Terace,,,,Vidya Dairy,Ready to Deploy,,
,,,Refri-Compressor Unit-8,Refri_Compressor_Unit,Ice Cream Process,Britzer,F52H,11922017,VD-317,Terace,,,,Vidya Dairy,Ready to Deploy,,
,,,Refri-Compressor Unit-9,Refri_Compressor_Unit,Ice Cream Process,Britzer,LH44E/2GES-2Y-40S,1692500009,VD-318,Terace,,,,Vidya Dairy,Ready to Deploy,,
,,,Refri-Compressor Unit-10,Refri_Compressor_Unit,Ice Cream Process,Britzer,LH104E/S4N-8.2Y-40P,1692411734,VD-319,Ground,,,,Vidya Dairy,Ready to Deploy,,
,,,Refri-Compressor Unit-11,Refri_Compressor_Unit,Ice Cream Process,Britzer,LH104E/S4N-8.2Y-40P,1692411726,VD-320,Ground,,,,Vidya Dairy,Ready to Deploy,,
,,,Refri-Compressor Unit-12,Refri_Compressor_Unit,Ice Cream Process,Britzer,LH104E/S4N-8.2Y-40P,1692411729,VD-321,Ground,,,,Vidya Dairy,Ready to Deploy,,
,,,Refri-Compressor Unit-13,Refri_Compressor_Unit,Ice Cream Process,Britzer,LH4E/2FES-3Y-40S,1692500985,VD-322,Ground,,,,Vidya Dairy,Ready to Deploy,,
,,,Deaerator Tank,Deaerator_Tank,Ice Cream Process,Magnam Netlink Pvt. Ltd.,P-38,T-001/38,VD-323,Ground,,,,Vidya Dairy,Ready to Deploy,,
,,,Crate Washer-ICP,Crate_Washer_,Ice Cream Process,S.S. Engineer &Consultant,CW,N/A,VD-324,Ground,,,,Vidya Dairy,Ready to Deploy,,
,,,Hot Water Tank-ICP,Hot_Water_Tank,Ice Cream Process,CIP RIANS Harison valve,HWT,N/A,VD-325,Ground,,,,Vidya Dairy,Ready to Deploy,,
,,,Acid Tank,Acid_Tank,Ice Cream Process,CIP RIANS Harison valve,AT,N/A,VD-326,Ground,,,,Vidya Dairy,Ready to Deploy,,
,,,Lye Tank,Lye_Tank,Ice Cream Process,CIP RIANS Harison valve,LT,N/A,VD-327,Ground,,,,Vidya Dairy,Ready to Deploy,,
