Full Name,Email,Username,item Name,Category,Model name,Manufacturer,Model Number,Serial number,Asset Tag,Location,Notes,Purchase Date,Purchase Cost,Company,Status,Warranty,Supplier
,,,"AIO PC UXBETSI081L0597736 Dr. Balnath Chakor, Ramdev Park",AIO PC,Acer,N/A,VT Z3151G,UXBETSI081L0597736,MBMC-001,"Dr. Balnath Chakor, Ramdev Park",,1/25/2021,48400,MBMC,Ready to Deploy,36,ICON PRINT MEDIA PVT. LTD.
,,,"AIO PC UXBETSI081L0597758 Dr. Balnath Chakor, Ramdev Park",AIO PC,Acer,N/A,VT Z3151G,UXBETSI081L0597758,MBMC-002,"Dr. Balnath Chakor, Ramdev Park",,1/25/2021,48400,MBMC,Ready to Deploy,36,ICON PRINT MEDIA PVT. LTD.
,,,"AIO PC LBPTCJ00T74486 Health Department, Yogita Shelke",AIO PC,Asus,N/A,V222FAK-BA129D,LBPTCJ00T74486,MBMC-003,"Health Department, Yogita Shelke",,1/27/2021,49000,MBMC,Ready to Deploy,36,B.J.Automation
,,,"AIO PC LBPTCJ00T72248G Health Department, Dr, Anjali Patil",AIO PC,Asus,N/A,V222FAK-BA129D,LBPTCJ00T72248G,MBMC-004,"Health Department, Dr, Anjali Patil",,1/27/2021,49000,MBMC,Ready to Deploy,36,B.J.Automation
,,,"AIO PC LBPTCJ00T78148A  Health Department, Vishal and Lalita jojare
",AIO PC,Asus,N/A,V222FAK-BA129D,LBPTCJ00T78148A ,MBMC-005,"Health Department, Vishal and Lalita jojare
",,1/27/2021,49000,MBMC,Ready to Deploy,36,B.J.Automation
,,,"AIO PC LBPTCJ00T77048C 
Health Department, Dr. Pramod Padval",AIO PC,Asus,N/A,V222FAK-BA129D,LBPTCJ00T77048C,MBMC-006,"
Health Department, Dr. Pramod Padval",,1/27/2021,49000,MBMC,Ready to Deploy,36,B.J.Automation
,,,AIO PC D9V9KH3  Audit Department,AIO PC,Dell,N/A,Optiplex 3280,D9V9KH3 ,MBMC-007,Audit Department,,10/18/2021,"49,999.00",MBMC,Ready to Deploy,36,B.J.Automation
,,,AIO PC 7HV9KH3 Audit Department,AIO PC,Dell,N/A,Optiplex 3280,7HV9KH3,MBMC-008,Audit Department,,10/18/2021,"49,999.00",MBMC,Ready to Deploy,36,B.J.Automation
,,,AIO PC 5HV9KH3 Chena Tax Department,AIO PC,Dell,N/A,Optiplex 3280,5HV9KH3,MBMC-009,Chena Tax Department,,9/14/2021,"49,999.00",MBMC,Ready to Deploy,36,B.J.Automation
,,,AIO PC F9V9KH3 Chena Water Department,AIO PC,Dell,N/A,Optiplex 3280,F9V9KH3,MBMC-010,Chena Water Department,,9/14/2021,"49,999.00",MBMC,Ready to Deploy,36,B.J.Automation
,,,AIO PC 89V9KH3 Commissioner Bunglow,AIO PC,Dell,N/A,Optiplex 3280,89V9KH3,MBMC-011,Commissioner Bunglow,,10/18/2021,"49,999.00",MBMC,Ready to Deploy,36,B.J.Automation
,,,AIO PC 88V9KH3 Commissioner Cabin,AIO PC,Dell,N/A,Optiplex 3280,88V9KH3,MBMC-012,Commissioner Cabin,,8/18/2021,"49,999.00",MBMC,Ready to Deploy,36,B.J.Automation
,,,AIO PC 98V9KH3 Computer Department,AIO PC,Dell,N/A,Optiplex 3280,98V9KH3,MBMC-013,Computer Department,,10/18/2021,"49,999.00",MBMC,Ready to Deploy,36,B.J.Automation
,,,AIO PC G8V9KH3 Computer Department,AIO PC,Dell,N/A,Optiplex 3280,G8V9KH3,MBMC-014,Computer Department,,10/18/2021,"49,999.00",MBMC,Ready to Deploy,36,B.J.Automation
,,,AIO PC CCV9KH3 Deputy Commissioner (Head),AIO PC,Dell,N/A,Optiplex 3280,CCV9KH3,MBMC-015,Deputy Commissioner (Head),,8/18/2021,"49,999.00",MBMC,Ready to Deploy,36,B.J.Automation
,,,AIO PC 79V9KH3 Deputy Mayor,AIO PC,Dell,N/A,Optiplex 3280,79V9KH3,MBMC-016,Deputy Mayor,,10/18/2021,"49,999.00",MBMC,Ready to Deploy,36,B.J.Automation
,,,AIO PC 6DV9KH3 Disaster Management,AIO PC,Dell,N/A,Optiplex 3280,6DV9KH3,MBMC-017,Disaster Management,,9/14/2021,"49,999.00",MBMC,Ready to Deploy,36,B.J.Automation
,,,AIO PC LBPTCJ00T787488 Dy. Mayor Cabin,AIO PC,Asus,N/A,V222FAK-BA129D,LBPTCJ00T787488,MBMC-018,Dy. Mayor Cabin,,1/27/2021,49000,MBMC,Ready to Deploy,36,B.J.Automation
,,,AIO PC 8CC8501FTO Education Department,AIO PC,HP,N/A,200 G3,8CC8501FTO,MBMC-019,Education Department,,3/1/2019,"39,700.00",MBMC,Ready to Deploy,36,
,,,AIO PC 8CC8501G3N Education Department,AIO PC,HP,N/A,200 G3,8CC8501G3N,MBMC-020,Education Department,,3/1/2019,"39,700.00",MBMC,Ready to Deploy,36,
,,,AIO PC 8CC8501FV5 Education Department,AIO PC,HP,N/A,200 G3,8CC8501FV5,MBMC-021,Education Department,,3/1/2019,"39,700.00",MBMC,Ready to Deploy,36,
,,,AIO PC 8CC8501GD5 Education Department,AIO PC,HP,N/A,200 G3,8CC8501GD5,MBMC-022,Education Department,,3/1/2019,"39,700.00",MBMC,Ready to Deploy,36,
,,,AIO PC G9V9KH3 Encroachment Department,AIO PC,Dell,N/A,Optiplex 3280,G9V9KH3,MBMC-023,Encroachment Department,,8/18/2021,"49,999.00",MBMC,Ready to Deploy,36,B.J.Automation
,,,AIO PC B9V9KH3 Encroachment Department,AIO PC,Dell,N/A,Optiplex 3280,B9V9KH3,MBMC-024,Encroachment Department,,8/18/2021,"49,999.00",MBMC,Ready to Deploy,36,B.J.Automation
,,,AIO PC 8CC8501GC2 Establishment Department,AIO PC,HP,N/A,200 G3,8CC8501GC2,MBMC-025,Establishment Department,,2/25/2019,"39,700.00",MBMC,Ready to Deploy,36,
,,,AIO PC 78V9KH3 Establishment Department,AIO PC,Dell,N/A,Optiplex 3280,78V9KH3,MBMC-026,Establishment Department,,8/18/2021,"49,999.00",MBMC,Ready to Deploy,36,B.J.Automation
,,,"AIO PC DCV9KH3 Garden Department Ward 1,2,3",AIO PC,Dell,N/A,Optiplex 3280,DCV9KH3,MBMC-027,"Garden Department Ward 1,2,3",,8/18/2021,"49,999.00",MBMC,Ready to Deploy,36,B.J.Automation
,,,"AIO PC 49V9KH3 Garden Department Ward 4,5,6",AIO PC,Dell,N/A,Optiplex 3280,49V9KH3,MBMC-028,"Garden Department Ward 4,5,6",,8/18/2021,"49,999.00",MBMC,Ready to Deploy,36,B.J.Automation
,,,AIO PC 2DV9KH3 Ghodbandar Water Department,AIO PC,Dell,N/A,Optiplex 3280,2DV9KH3,MBMC-029,Ghodbandar Water Department,,9/14/2021,"49,999.00",MBMC,Ready to Deploy,36,B.J.Automation
,,,AIO PC LBPTCJ00T76748F Ghodbundar Covid 19 RTPCR Testing LAB,AIO PC,Asus,N/A,V222FAK-BA129D,LBPTCJ00T76748F,MBMC-030,Ghodbundar Covid 19 RTPCR Testing LAB,,1/27/2021,49000,MBMC,Ready to Deploy,36,B.J.Automation
,,,AIO PC LBPTCJ00T768483 Ghodbundar Covid 19 RTPCR Testing LAB,AIO PC,Asus,N/A,V222FAK-BA129D,LBPTCJ00T768483,MBMC-031,Ghodbundar Covid 19 RTPCR Testing LAB,,1/27/2021,49000,MBMC,Ready to Deploy,36,B.J.Automation
,,,AIO PC LBPTCJ00T759485 Ghodbundar Covid 19 RTPCR Testing LAB Dr. Ruchi Patel,AIO PC,Asus,N/A,V222FAK-BA129D,LBPTCJ00T759485,MBMC-032,Ghodbundar Covid 19 RTPCR Testing LAB Dr. Ruchi Patel,,1/27/2021,49000,MBMC,Ready to Deploy,36,B.J.Automation
,,,AIO PC 8DV9KH3 Head Office Water Department,AIO PC,Dell,N/A,Optiplex 3280,8DV9KH3,MBMC-033,Head Office Water Department,,9/14/2021,"49,999.00",MBMC,Ready to Deploy,36,B.J.Automation
,,,AIO PC BCV9KH3 Head Office Water Department,AIO PC,Dell,N/A,Optiplex 3280,BCV9KH3,MBMC-034,Head Office Water Department,,9/14/2021,"49,999.00",MBMC,Ready to Deploy,36,B.J.Automation
,,,AIO PC NO Health Department,AIO PC,Lenovo,N/A,,NO,MBMC-035,Health Department,,3/1/2019,"61,100.00",MBMC,Ready to Deploy,,B.J.Automation
,,,AIO PC 19V9KH3 Health Dept; Deputy Commissioner,AIO PC,Dell,N/A,Optiplex 3280,19V9KH3,MBMC-036,Health Dept; Deputy Commissioner,,8/18/2021,"49,999.00",MBMC,Ready to Deploy,36,B.J.Automation
,,,AIO PC LBPTCJ00T76948C Indira Gandhi Hospital,AIO PC,Asus,N/A,V222FAK-BA129D,LBPTCJ00T76948C,MBMC-037,Indira Gandhi Hospital,,1/27/2021,49000,MBMC,Ready to Deploy,36,B.J.Automation
,,,AIO PC C9V9KH3  Kankiya Water Department,AIO PC,Dell,N/A,Optiplex 3280,C9V9KH3 ,MBMC-038,Kankiya Water Department,,9/14/2021,"49,999.00",MBMC,Ready to Deploy,36,B.J.Automation
,,,AIO PC 7DV9KH3 Leader of House,AIO PC,Dell,N/A,Optiplex 3280,7DV9KH3,MBMC-039,Leader of House,,10/18/2021,"49,999.00",MBMC,Ready to Deploy,36,B.J.Automation
,,,AIO PC 3HV9KH3 Licence Department,AIO PC,Dell,N/A,Optiplex 3280,3HV9KH3,MBMC-040,Licence Department,,10/18/2021,"49,999.00",MBMC,Ready to Deploy,36,B.J.Automation
,,,AIO PC 4HV9KH3 Local Body Tax Department,AIO PC,Dell,N/A,Optiplex 3280,4HV9KH3,MBMC-041,Local Body Tax Department,,8/18/2021,"49,999.00",MBMC,Ready to Deploy,36,B.J.Automation
,,,AIO PC NO NO,AIO PC,Lenovo,N/A,,NO,MBMC-042,NO,,4/26/2019,"61,100.00",MBMC,Ready to Deploy,,B.J.Automation
,,,AIO PC BDV9KH3 Pay and Park,AIO PC,Dell,N/A,Optiplex 3280,BDV9KH3,MBMC-043,Pay and Park,,9/14/2021,"49,999.00",MBMC,Ready to Deploy,36,B.J.Automation
,,,AIO PC B8V9KH3 PWD Department,AIO PC,Dell,N/A,Optiplex 3280,B8V9KH3,MBMC-044,PWD Department,,10/18/2021,"49,999.00",MBMC,Ready to Deploy,36,B.J.Automation
,,,AIO PC F8V9KH3  PWD Department,AIO PC,Dell,N/A,Optiplex 3280,F8V9KH3 ,MBMC-045,PWD Department,,8/18/2021,"49,999.00",MBMC,Ready to Deploy,36,B.J.Automation
,,,AIO PC 1DV9KH3 PWD Department,AIO PC,Dell,N/A,Optiplex 3280,1DV9KH3,MBMC-046,PWD Department,,8/18/2021,"49,999.00",MBMC,Ready to Deploy,36,B.J.Automation
,,,AIO PC 6HV9KH3 PWD Department,AIO PC,Dell,N/A,Optiplex 3280,6HV9KH3,MBMC-047,PWD Department,,8/18/2021,"49,999.00",MBMC,Ready to Deploy,36,B.J.Automation
,,,AIO PC H9V9KH3 PWD Department,AIO PC,Dell,N/A,Optiplex 3280,H9V9KH3,MBMC-048,PWD Department,,8/18/2021,"49,999.00",MBMC,Ready to Deploy,36,B.J.Automation
,,,AIO PC BDV9KH3 PWD Department,AIO PC,Dell,N/A,Optiplex 3280 (1),BDV9KH3,MBMC-049,PWD Department,,8/18/2021,"49,999.00",MBMC,Ready to Deploy,36,B.J.Automation
,,,AIO PC BDV9KH3 PWD Department,AIO PC,Dell,N/A,Optiplex 3280 (2),BDV9KH3,MBMC-050,PWD Department,,8/18/2021,"49,999.00",MBMC,Ready to Deploy,36,B.J.Automation
,,,AIO PC JCV9KH3 PWD Department,AIO PC,Dell,N/A,Optiplex 3280,JCV9KH3,MBMC-051,PWD Department,,8/18/2021,"49,999.00",MBMC,Ready to Deploy,36,B.J.Automation
,,,AIO PC 39V9KH3 PWD Department,AIO PC,Dell,N/A,Optiplex 3280,39V9KH3,MBMC-052,PWD Department,,8/18/2021,"49,999.00",MBMC,Ready to Deploy,36,B.J.Automation
,,,AIO PC H8V9KH3 Sachiv Department,AIO PC,Dell,N/A,Optiplex 3280,H8V9KH3,MBMC-053,Sachiv Department,,8/18/2021,"49,999.00",MBMC,Ready to Deploy,36,B.J.Automation
,,,AIO PC 1BV9KH3 Sachiv Department,AIO PC,Dell,N/A,Optiplex 3280,1BV9KH3,MBMC-054,Sachiv Department,,8/18/2021,"49,999.00",MBMC,Ready to Deploy,36,B.J.Automation
,,,AIO PC 99V9KH3 Standing Office,AIO PC,Dell,N/A,Optiplex 3280,99V9KH3,MBMC-055,Standing Office,,8/18/2021,"49,999.00",MBMC,Ready to Deploy,36,B.J.Automation
,,,AIO PC GCV9KH3 Town Planning Department,AIO PC,Dell,N/A,Optiplex 3280,GCV9KH3,MBMC-056,Town Planning Department,,8/18/2021,"49,999.00",MBMC,Ready to Deploy,36,B.J.Automation
,,,AIO PC 29CV393 Town Planning Department Assistant Director (Thane),AIO PC,Dell,N/A,7080MT,29CV393,MBMC-057,Town Planning Department Assistant Director (Thane),,1/25/2021,"153,068.00",MBMC,Ready to Deploy,36,Sujata Computers
,,,AIO PC 2HV9KH3 Transport Department,AIO PC,Dell,N/A,Optiplex 3280,2HV9KH3,MBMC-058,Transport Department,,8/18/2021,"49,999.00",MBMC,Ready to Deploy,36,B.J.Automation
,,,AIO PC 69V9KH3 Vehicle Transport,AIO PC,Dell,N/A,Optiplex 3280,69V9KH3,MBMC-059,Vehicle Transport,,8/18/2021,"49,999.00",MBMC,Ready to Deploy,36,B.J.Automation
,,,AIO PC 8HV9KH3 Ward No. 1,AIO PC,Dell,N/A,Optiplex 3280,8HV9KH3,MBMC-060,Ward No. 1,,9/14/2021,"49,999.00",MBMC,Ready to Deploy,36,B.J.Automation
,,,AIO PC 9DV9KH3 Ward No. 1,AIO PC,Dell,N/A,Optiplex 3280,9DV9KH3,MBMC-061,Ward No. 1,,9/14/2021,"49,999.00",MBMC,Ready to Deploy,36,B.J.Automation
,,,AIO PC BDV9KH3 Ward No. 1 (Sabhapati Cabin),AIO PC,Dell,N/A,Optiplex 3280,BDV9KH3,MBMC-062,Ward No. 1 (Sabhapati Cabin),,8/18/2021,"49,999.00",MBMC,Ready to Deploy,36,B.J.Automation
,,,AIO PC C8V9KH3 Ward No. 2 Tax Department,AIO PC,Dell,N/A,Optiplex 3280,C8V9KH3,MBMC-063,Ward No. 2 Tax Department,,8/18/2021,"49,999.00",MBMC,Ready to Deploy,36,B.J.Automation
,,,AIO PC 59V9KH3 Ward No. 3 Tax Department,AIO PC,Dell,N/A,Optiplex 3280,59V9KH3,MBMC-064,Ward No. 3 Tax Department,,8/18/2021,"49,999.00",MBMC,Ready to Deploy,36,B.J.Automation
,,,AIO PC 5DV9KH3  Ward No. 4,AIO PC,Dell,N/A,Optiplex 3280,5DV9KH3 ,MBMC-065,Ward No. 4,,9/14/2021,"49,999.00",MBMC,Ready to Deploy,36,B.J.Automation
,,,AIO PC HCV9KH3 Ward No. 4,AIO PC,Dell,N/A,Optiplex 3280,HCV9KH3,MBMC-066,Ward No. 4,,9/14/2021,"49,999.00",MBMC,Ready to Deploy,36,B.J.Automation
,,,AIO PC JGV9KH3 Ward No. 5,AIO PC,Dell,N/A,Optiplex 3280,JGV9KH3,MBMC-067,Ward No. 5,,9/14/2021,"49,999.00",MBMC,Ready to Deploy,36,B.J.Automation
,,,AIO PC 29V9KH3 Ward No. 5,AIO PC,Dell,N/A,Optiplex 3280,29V9KH3,MBMC-068,Ward No. 5,,9/14/2021,"49,999.00",MBMC,Ready to Deploy,36,B.J.Automation
,,,AIO PC D8V9KH3 Ward No. 6,AIO PC,Dell,N/A,Optiplex 3280,D8V9KH3,MBMC-069,Ward No. 6,,9/14/2021,"49,999.00",MBMC,Ready to Deploy,36,B.J.Automation
,,,AIO PC J8V9KH3 Ward No. 6,AIO PC,Dell,N/A,Optiplex 3280,J8V9KH3,MBMC-070,Ward No. 6,,9/14/2021,"49,999.00",MBMC,Ready to Deploy,36,B.J.Automation
,,,AIO PC 1HV9KH3 Ward No. 6,AIO PC,Dell,N/A,Optiplex 3280,1HV9KH3,MBMC-071,Ward No. 6,,8/18/2021,"49,999.00",MBMC,Ready to Deploy,36,B.J.Automation
,,,AIO PC J9V9KH3 Water Department,AIO PC,Dell,N/A,Optiplex 3280,J9V9KH3,MBMC-072,Water Department,,9/14/2021,"49,999.00",MBMC,Ready to Deploy,36,B.J.Automation
