Company,Asset Tag,ABC Class
Harsha Maintenance,HE-1350,A
Harsha Maintenance,HE-1349,A
Harsha Maintenance,HE-1377,A
Harsha Maintenance,HE-1376,A
Harsha Maintenance,HE-1375,A
Harsha Maintenance,HE-1374,A
Harsha Maintenance,HE-1373,A
Harsha Maintenance,HE-1372,A
Harsha Maintenance,HE-1371,A
Harsha Maintenance,HE-1370,A
Harsha Maintenance,HE-1380,A
Harsha Maintenance,HE-1379,A
Harsha Maintenance,HE-1378,A
Harsha Maintenance,HE-1369,A
Harsha Maintenance,HE-1368,A
Harsha Maintenance,HE-1367,A
Harsha Maintenance,HE-1366,A
Harsha Maintenance,HE-1365,A
Harsha Maintenance,HE-1364,A
Harsha Maintenance,HE-1363,A
Harsha Maintenance,HE-1362,A
Harsha Maintenance,HE-1396,A
Harsha Maintenance,HE-1398,A
Harsha Maintenance,HE-1400,A
Harsha Maintenance,HE-1395,A
Harsha Maintenance,HE-1394,A
Harsha Maintenance,HE-1397,A
Harsha Maintenance,HE-1401,A
Harsha Maintenance,HE-1399,A
Harsha Maintenance,HE-1359,A
Harsha Maintenance,HE-1360,A
Harsha Maintenance,HE-1381,A
Harsha Maintenance,HE-1382,A
Harsha Maintenance,HE-1342,A
Harsha Maintenance,HE-1341,A
Harsha Maintenance,HE-1340,A
Harsha Maintenance,HE-1339,A
Harsha Maintenance,HE-1393,A
Harsha Maintenance,HE-1338,A
Harsha Maintenance,HE-1337,A
Harsha Maintenance,HE-1336,A
Harsha Maintenance,HE-1356,A
Harsha Maintenance,HE-1387,A
Harsha Maintenance,HE-1391,A
Harsha Maintenance,HE-1392,A
Harsha Maintenance,HE-1390,A
Harsha Maintenance,HE-1388,A
Harsha Maintenance,HE-1389,A
Harsha Maintenance,HE-1355,A
Harsha Maintenance,HE-1354,A
Harsha Maintenance,HE-1353,A
Harsha Maintenance,HE-1348,A
Harsha Maintenance,HE-1347,A
Harsha Maintenance,HE-1358,A
Harsha Maintenance,HE-1357,A
Harsha Maintenance,HE-1361,A
Harsha Maintenance,HE-1352,A
Harsha Maintenance,HE-1351,A
Harsha Maintenance,HE-1384,A
Harsha Maintenance,HE-1343,A
Harsha Maintenance,HE-1344,A
Harsha Maintenance,HE-1346,A
Harsha Maintenance,HE-1383,A
Harsha Maintenance,HE-1345,A
Harsha Maintenance,HE-1386,A
Harsha Maintenance,HE-1385,A
